EPOCHS_EMPTY_FROM_MVT_TMIN,EPOCHS_INTENTION_FROM_MVT_TMIN,EPOCHS_LENGTH,EPOCHS_TMIN,FMAX,FMIN,pipeline,score_A,score_B,score_C,score_X,duration_preprocessing,duration_train,memory,FILE_PATH,NUMBER_OF_SESSIONS,RANDOM_STATE,N_SPLIT,BINARY_CLASSIFICATION,VERSION,PATH_RESULTS,NAME_RESULTS,PATH_DATA_PROCESSED,FOLDER_RESULTS_ITERATIONS,NAME_RESULTS_ITERATIONS,LOG_FOLDER,SAVE_EACH_ITERATION,REMOVE_ITERATIONS,REMOVE_DATA_PROCESSED
-8,-4.0,2.0,-0.75,20,1,"Pipeline(steps=[('wavelet', EEGWaveletFeatures()),
                ('clf', RandomForestClassifier())])",0.5439988925108817,0.5291963784262192,0.5199983538882469,0.5382465673090566,509.6697199344635,1426.8087272644043,3812.12890625,./../../../data/raw/Data_npy/,-1,42,4,True,4,./results/,many_pipelines_MVT_search_preproc,./data/processed/,/iterations/,many_pipelines_MVT_search_preproc_iter,./logs/,True,True,True
-8,-4.0,2.0,-0.75,25,5,"Pipeline(steps=[('wavelet', EEGWaveletFeatures()),
                ('clf', RandomForestClassifier())])",0.539011328301446,0.5415421414707011,0.5174271314737824,0.5399122719808214,520.1298427581787,1451.4557979106903,3712.1640625,./../../../data/raw/Data_npy/,-1,42,4,True,4,./results/,many_pipelines_MVT_search_preproc,./data/processed/,/iterations/,many_pipelines_MVT_search_preproc_iter,./logs/,True,True,True
-8,-4.0,2.0,-0.75,30,5,"Pipeline(steps=[('wavelet', EEGWaveletFeatures()),
                ('clf', RandomForestClassifier())])",0.5410041738747369,0.531363055259322,0.516112179936528,0.5384313785498698,497.99508452415466,1446.386251449585,3786.24609375,./../../../data/raw/Data_npy/,-1,42,4,True,4,./results/,many_pipelines_MVT_search_preproc,./data/processed/,/iterations/,many_pipelines_MVT_search_preproc_iter,./logs/,True,True,True
-8,-4.0,2.0,-0.75,35,5,"Pipeline(steps=[('wavelet', EEGWaveletFeatures()),
                ('clf', RandomForestClassifier())])",0.5383550837065147,0.5331654409587315,0.5210817442416501,0.5395299769979983,521.5877764225006,1502.1330108642578,3789.83984375,./../../../data/raw/Data_npy/,-1,42,4,True,4,./results/,many_pipelines_MVT_search_preproc,./data/processed/,/iterations/,many_pipelines_MVT_search_preproc_iter,./logs/,True,True,True
-8,-4.0,2.0,-0.75,40,1,"Pipeline(steps=[('wavelet', EEGWaveletFeatures()),
                ('clf', RandomForestClassifier())])",0.5369356490321213,0.5359116283975177,0.5161155116698831,0.5366145489268804,494.0368809700012,1466.1049511432648,3806.1328125,./../../../data/raw/Data_npy/,-1,42,4,True,4,./results/,many_pipelines_MVT_search_preproc,./data/processed/,/iterations/,many_pipelines_MVT_search_preproc_iter,./logs/,True,True,True
-8,-4.0,2.0,-0.75,40,30,"Pipeline(steps=[('wavelet', EEGWaveletFeatures()),
                ('clf', RandomForestClassifier())])",0.5068487850676218,0.5039739844923541,0.5004219339320283,0.4969400195719541,518.2261946201324,1564.0911405086517,2952.83203125,./../../../data/raw/Data_npy/,-1,42,4,True,4,./results/,many_pipelines_MVT_search_preproc,./data/processed/,/iterations/,many_pipelines_MVT_search_preproc_iter,./logs/,True,True,True
-8,-4.0,2.0,-0.75,50,20,"Pipeline(steps=[('wavelet', EEGWaveletFeatures()),
                ('clf', RandomForestClassifier())])",0.5154248228186804,0.532785218969336,0.508969782534388,0.5157025745005567,489.132040977478,1470.9499332904816,3746.22265625,./../../../data/raw/Data_npy/,-1,42,4,True,4,./results/,many_pipelines_MVT_search_preproc,./data/processed/,/iterations/,many_pipelines_MVT_search_preproc_iter,./logs/,True,True,True
-8,-4.0,2.0,-0.75,60,15,"Pipeline(steps=[('wavelet', EEGWaveletFeatures()),
                ('clf', RandomForestClassifier())])",0.5289425472127844,0.5377740151506787,0.5077308149363974,0.5259269591212234,492.2785601615906,1482.4759562015533,3694.89453125,./../../../data/raw/Data_npy/,-1,42,4,True,4,./results/,many_pipelines_MVT_search_preproc,./data/processed/,/iterations/,many_pipelines_MVT_search_preproc_iter,./logs/,True,True,True
-8,-4.0,2.0,-0.5,20,12,"Pipeline(steps=[('wavelet', EEGWaveletFeatures()),
                ('clf', RandomForestClassifier())])",0.5298493131829266,0.5316156137638804,0.5236345395883586,0.529882293444314,502.0239336490631,1450.3356108665466,3712.453125,./../../../data/raw/Data_npy/,-1,42,4,True,4,./results/,many_pipelines_MVT_search_preproc,./data/processed/,/iterations/,many_pipelines_MVT_search_preproc_iter,./logs/,True,True,True
-8,-4.0,2.0,-0.5,25,15,"Pipeline(steps=[('wavelet', EEGWaveletFeatures()),
                ('clf', RandomForestClassifier())])",0.5361492262329437,0.533707240180483,0.5207815862255198,0.5394572915974946,508.59183406829834,1509.383195400238,3765.3515625,./../../../data/raw/Data_npy/,-1,42,4,True,4,./results/,many_pipelines_MVT_search_preproc,./data/processed/,/iterations/,many_pipelines_MVT_search_preproc_iter,./logs/,True,True,True
-8,-4.0,2.0,-0.5,30,15,"Pipeline(steps=[('wavelet', EEGWaveletFeatures()),
                ('clf', RandomForestClassifier())])",0.5264133270176354,0.5300596091577754,0.522565748253622,0.5252972232364568,514.850347995758,1545.950538635254,3790.12890625,./../../../data/raw/Data_npy/,-1,42,4,True,4,./results/,many_pipelines_MVT_search_preproc,./data/processed/,/iterations/,many_pipelines_MVT_search_preproc_iter,./logs/,True,True,True
-8,-4.0,2.0,-0.5,35,15,"Pipeline(steps=[('wavelet', EEGWaveletFeatures()),
                ('clf', RandomForestClassifier())])",0.5236133496888308,0.5215685257328249,0.5185377087709229,0.5200492267463918,515.6048820018768,1545.9742901325226,2992.80859375,./../../../data/raw/Data_npy/,-1,42,4,True,4,./results/,many_pipelines_MVT_search_preproc,./data/processed/,/iterations/,many_pipelines_MVT_search_preproc_iter,./logs/,True,True,True
-8,-4.0,2.0,-0.5,40,12,"Pipeline(steps=[('wavelet', EEGWaveletFeatures()),
                ('clf', RandomForestClassifier())])",0.5282794641396744,0.5310388222563095,0.5199789167524242,0.5199989560124383,484.18924474716187,1473.3186042308807,3746.22265625,./../../../data/raw/Data_npy/,-1,42,4,True,4,./results/,many_pipelines_MVT_search_preproc,./data/processed/,/iterations/,many_pipelines_MVT_search_preproc_iter,./logs/,True,True,True
-8,-4.0,2.0,-0.5,50,9,"Pipeline(steps=[('wavelet', EEGWaveletFeatures()),
                ('clf', RandomForestClassifier())])",0.5369229596875885,0.5447731149810136,0.5177596180676148,0.5436362781503565,514.4898381233215,1409.880143404007,3712.453125,./../../../data/raw/Data_npy/,-1,42,4,True,4,./results/,many_pipelines_MVT_search_preproc,./data/processed/,/iterations/,many_pipelines_MVT_search_preproc_iter,./logs/,True,True,True
-8,-4.0,2.0,-0.5,60,5,"Pipeline(steps=[('wavelet', EEGWaveletFeatures()),
                ('clf', RandomForestClassifier())])",0.5417363569643818,0.5460454810801145,0.5235273774800487,0.5380735560607438,527.5187578201294,1434.7366287708282,3694.89453125,./../../../data/raw/Data_npy/,-1,42,4,True,4,./results/,many_pipelines_MVT_search_preproc,./data/processed/,/iterations/,many_pipelines_MVT_search_preproc_iter,./logs/,True,True,True
-8,-4.0,2.0,-0.25,20,1,"Pipeline(steps=[('wavelet', EEGWaveletFeatures()),
                ('clf', RandomForestClassifier())])",0.5380447832843273,0.5359072173628598,0.5251520907686802,0.5328540872606774,511.0473082065582,1452.2328312397003,3765.3515625,./../../../data/raw/Data_npy/,-1,42,4,True,4,./results/,many_pipelines_MVT_search_preproc,./data/processed/,/iterations/,many_pipelines_MVT_search_preproc_iter,./logs/,True,True,True
-8,-4.0,2.0,-0.25,25,5,"Pipeline(steps=[('wavelet', EEGWaveletFeatures()),
                ('clf', RandomForestClassifier())])",0.5449499889187975,0.532488722332308,0.5219707665883947,0.5434136311714649,493.6660430431366,1469.6091628074646,3790.12890625,./../../../data/raw/Data_npy/,-1,42,4,True,4,./results/,many_pipelines_MVT_search_preproc,./data/processed/,/iterations/,many_pipelines_MVT_search_preproc_iter,./logs/,True,True,True
-8,-4.0,2.0,-0.25,30,5,"Pipeline(steps=[('wavelet', EEGWaveletFeatures()),
                ('clf', RandomForestClassifier())])",0.5334851113703761,0.5388155963854591,0.5254744876180479,0.532286672344926,518.0796627998352,1500.474592924118,2993.21484375,./../../../data/raw/Data_npy/,-1,42,4,True,4,./results/,many_pipelines_MVT_search_preproc,./data/processed/,/iterations/,many_pipelines_MVT_search_preproc_iter,./logs/,True,True,True
-8,-4.0,2.0,-0.25,35,5,"Pipeline(steps=[('wavelet', EEGWaveletFeatures()),
                ('clf', RandomForestClassifier())])",0.5445416188048682,0.5345212634189986,0.5246234157196282,0.5346500143794507,514.4180009365082,1406.3792567253113,3712.453125,./../../../data/raw/Data_npy/,-1,42,4,True,4,./results/,many_pipelines_MVT_search_preproc,./data/processed/,/iterations/,many_pipelines_MVT_search_preproc_iter,./logs/,True,True,True
-8,-4.0,2.0,-0.25,40,1,"Pipeline(steps=[('wavelet', EEGWaveletFeatures()),
                ('clf', RandomForestClassifier())])",0.5399363944533435,0.5312652293116104,0.5304158216915603,0.537493805464748,515.7116570472717,1439.3755249977112,3694.89453125,./../../../data/raw/Data_npy/,-1,42,4,True,4,./results/,many_pipelines_MVT_search_preproc,./data/processed/,/iterations/,many_pipelines_MVT_search_preproc_iter,./logs/,True,True,True
-8,-4.0,2.0,-0.25,40,30,"Pipeline(steps=[('wavelet', EEGWaveletFeatures()),
                ('clf', RandomForestClassifier())])",0.5049160355589486,0.5105453749985013,0.4980654835080446,0.5018147032427251,527.3496732711792,1523.9059867858887,3745.97265625,./../../../data/raw/Data_npy/,-1,42,4,True,4,./results/,many_pipelines_MVT_search_preproc,./data/processed/,/iterations/,many_pipelines_MVT_search_preproc_iter,./logs/,True,True,True
-8,-4.0,2.0,-0.25,50,20,"Pipeline(steps=[('wavelet', EEGWaveletFeatures()),
                ('clf', RandomForestClassifier())])",0.5119638822598035,0.5291112614175114,0.5055925629481539,0.5139281879101915,511.1172535419464,1504.457774400711,3765.3515625,./../../../data/raw/Data_npy/,-1,42,4,True,4,./results/,many_pipelines_MVT_search_preproc,./data/processed/,/iterations/,many_pipelines_MVT_search_preproc_iter,./logs/,True,True,True
-8,-4.0,2.0,-0.25,60,15,"Pipeline(steps=[('wavelet', EEGWaveletFeatures()),
                ('clf', RandomForestClassifier())])",0.5205995605809791,0.5292898156828187,0.5189207824315972,0.5222979043312456,485.80375266075134,1509.8725423812866,3790.12890625,./../../../data/raw/Data_npy/,-1,42,4,True,4,./results/,many_pipelines_MVT_search_preproc,./data/processed/,/iterations/,many_pipelines_MVT_search_preproc_iter,./logs/,True,True,True
-8,-4.0,1.6,-0.75,20,12,"Pipeline(steps=[('wavelet', EEGWaveletFeatures()),
                ('clf', RandomForestClassifier())])",0.5300156305240831,0.5307913032287888,0.5211055174689903,0.5275915268711271,541.3841443061829,1485.7627744674683,2395.41796875,./../../../data/raw/Data_npy/,-1,42,4,True,4,./results/,many_pipelines_MVT_search_preproc,./data/processed/,/iterations/,many_pipelines_MVT_search_preproc_iter,./logs/,True,True,True
-8,-4.0,1.6,-0.75,25,15,"Pipeline(steps=[('wavelet', EEGWaveletFeatures()),
                ('clf', RandomForestClassifier())])",0.533059094815535,0.5310369160447006,0.5240452335327304,0.529897103750247,505.24981904029846,1403.9397313594818,3166.546875,./../../../data/raw/Data_npy/,-1,42,4,True,4,./results/,many_pipelines_MVT_search_preproc,./data/processed/,/iterations/,many_pipelines_MVT_search_preproc_iter,./logs/,True,True,True
-8,-4.0,1.6,-0.75,30,15,"Pipeline(steps=[('wavelet', EEGWaveletFeatures()),
                ('clf', RandomForestClassifier())])",0.5257163182710634,0.5234973563303614,0.5181851590610937,0.522538207175282,503.75804924964905,1443.3175382614136,3031.8125,./../../../data/raw/Data_npy/,-1,42,4,True,4,./results/,many_pipelines_MVT_search_preproc,./data/processed/,/iterations/,many_pipelines_MVT_search_preproc_iter,./logs/,True,True,True
-8,-4.0,1.6,-0.75,35,15,"Pipeline(steps=[('wavelet', EEGWaveletFeatures()),
                ('clf', RandomForestClassifier())])",0.5296386980678742,0.5243240073631761,0.5150543148912468,0.5261525999365582,495.80117893218994,1435.5431649684906,3142.00390625,./../../../data/raw/Data_npy/,-1,42,4,True,4,./results/,many_pipelines_MVT_search_preproc,./data/processed/,/iterations/,many_pipelines_MVT_search_preproc_iter,./logs/,True,True,True
-8,-4.0,1.6,-0.75,40,12,"Pipeline(steps=[('wavelet', EEGWaveletFeatures()),
                ('clf', RandomForestClassifier())])",0.5252243497228195,0.5261337422722906,0.5178393045294354,0.5263834131584388,506.14275789260864,1464.2379250526428,3074.4375,./../../../data/raw/Data_npy/,-1,42,4,True,4,./results/,many_pipelines_MVT_search_preproc,./data/processed/,/iterations/,many_pipelines_MVT_search_preproc_iter,./logs/,True,True,True
-8,-4.0,1.6,-0.75,50,9,"Pipeline(steps=[('wavelet', EEGWaveletFeatures()),
                ('clf', RandomForestClassifier())])",0.5393030884760932,0.543469120935366,0.5290355692058091,0.539671604602394,520.8015856742859,1411.101675748825,3110.65234375,./../../../data/raw/Data_npy/,-1,42,4,True,4,./results/,many_pipelines_MVT_search_preproc,./data/processed/,/iterations/,many_pipelines_MVT_search_preproc_iter,./logs/,True,True,True
-8,-4.0,1.6,-0.75,60,5,"Pipeline(steps=[('wavelet', EEGWaveletFeatures()),
                ('clf', RandomForestClassifier())])",0.5296922119690177,0.5420511007728438,0.5238639906660085,0.5353579182521601,536.0686283111572,1415.9740862846375,2392.71875,./../../../data/raw/Data_npy/,-1,42,4,True,4,./results/,many_pipelines_MVT_search_preproc,./data/processed/,/iterations/,many_pipelines_MVT_search_preproc_iter,./logs/,True,True,True
-8,-4.0,1.6,-0.5,20,1,"Pipeline(steps=[('wavelet', EEGWaveletFeatures()),
                ('clf', RandomForestClassifier())])",0.5309985819261618,0.5339317958069592,0.5246763301195417,0.5341723528600172,508.3647270202637,1345.736298084259,3166.546875,./../../../data/raw/Data_npy/,-1,42,4,True,4,./results/,many_pipelines_MVT_search_preproc,./data/processed/,/iterations/,many_pipelines_MVT_search_preproc_iter,./logs/,True,True,True
-8,-4.0,1.6,-0.5,25,5,"Pipeline(steps=[('wavelet', EEGWaveletFeatures()),
                ('clf', RandomForestClassifier())])",0.542423693463298,0.53591621025156,0.5237553080543897,0.5413725598607142,495.7463185787201,1391.3683171272278,3031.8125,./../../../data/raw/Data_npy/,-1,42,4,True,4,./results/,many_pipelines_MVT_search_preproc,./data/processed/,/iterations/,many_pipelines_MVT_search_preproc_iter,./logs/,True,True,True
-8,-4.0,1.6,-0.5,30,5,"Pipeline(steps=[('wavelet', EEGWaveletFeatures()),
                ('clf', RandomForestClassifier())])",0.5342194157865852,0.5349209058723903,0.5266921222643777,0.5416973360247717,494.7888162136078,1385.6547565460205,3142.00390625,./../../../data/raw/Data_npy/,-1,42,4,True,4,./results/,many_pipelines_MVT_search_preproc,./data/processed/,/iterations/,many_pipelines_MVT_search_preproc_iter,./logs/,True,True,True
-8,-4.0,1.6,-0.5,35,5,"Pipeline(steps=[('wavelet', EEGWaveletFeatures()),
                ('clf', RandomForestClassifier())])",0.5379895057619398,0.5366563570120031,0.5286000466979487,0.5454088445183646,506.168021440506,1436.8037295341492,3074.4375,./../../../data/raw/Data_npy/,-1,42,4,True,4,./results/,many_pipelines_MVT_search_preproc,./data/processed/,/iterations/,many_pipelines_MVT_search_preproc_iter,./logs/,True,True,True
-8,-4.0,1.6,-0.5,40,1,"Pipeline(steps=[('wavelet', EEGWaveletFeatures()),
                ('clf', RandomForestClassifier())])",0.5352828206420448,0.5355933097065106,0.5186651199182776,0.5316504457646504,507.9038031101227,1405.0708713531494,3110.65234375,./../../../data/raw/Data_npy/,-1,42,4,True,4,./results/,many_pipelines_MVT_search_preproc,./data/processed/,/iterations/,many_pipelines_MVT_search_preproc_iter,./logs/,True,True,True
-8,-4.0,1.6,-0.5,40,30,"Pipeline(steps=[('wavelet', EEGWaveletFeatures()),
                ('clf', RandomForestClassifier())])",0.501676822352154,0.5071408238548311,0.5033406995959184,0.5023005068476153,539.9193387031555,1498.8018305301666,2435.609375,./../../../data/raw/Data_npy/,-1,42,4,True,4,./results/,many_pipelines_MVT_search_preproc,./data/processed/,/iterations/,many_pipelines_MVT_search_preproc_iter,./logs/,True,True,True
-8,-4.0,1.6,-0.5,50,20,"Pipeline(steps=[('wavelet', EEGWaveletFeatures()),
                ('clf', RandomForestClassifier())])",0.5150932023629193,0.5287757540037508,0.5066496402024403,0.5165679695321452,506.6203007698059,1391.7490553855896,3166.546875,./../../../data/raw/Data_npy/,-1,42,4,True,4,./results/,many_pipelines_MVT_search_preproc,./data/processed/,/iterations/,many_pipelines_MVT_search_preproc_iter,./logs/,True,True,True
-8,-4.0,1.6,-0.5,60,15,"Pipeline(steps=[('wavelet', EEGWaveletFeatures()),
                ('clf', RandomForestClassifier())])",0.5253394858661355,0.5317601552500186,0.5149745785310735,0.5220700895211966,501.1949288845062,1421.7457582950592,3031.8125,./../../../data/raw/Data_npy/,-1,42,4,True,4,./results/,many_pipelines_MVT_search_preproc,./data/processed/,/iterations/,many_pipelines_MVT_search_preproc_iter,./logs/,True,True,True
-8,-4.0,1.6,-0.25,20,12,"Pipeline(steps=[('wavelet', EEGWaveletFeatures()),
                ('clf', RandomForestClassifier())])",0.5288702743776785,0.5311216526649828,0.5228973437799684,0.5297273534798557,507.1062710285187,1427.1501014232635,3142.00390625,./../../../data/raw/Data_npy/,-1,42,4,True,4,./results/,many_pipelines_MVT_search_preproc,./data/processed/,/iterations/,many_pipelines_MVT_search_preproc_iter,./logs/,True,True,True
-8,-4.0,1.6,-0.25,25,15,"Pipeline(steps=[('wavelet', EEGWaveletFeatures()),
                ('clf', RandomForestClassifier())])",0.5251720525436686,0.5293678427235644,0.5163568915737009,0.5326933480015862,506.3582000732422,1476.0237002372742,3074.4375,./../../../data/raw/Data_npy/,-1,42,4,True,4,./results/,many_pipelines_MVT_search_preproc,./data/processed/,/iterations/,many_pipelines_MVT_search_preproc_iter,./logs/,True,True,True
-8,-4.0,1.6,-0.25,30,15,"Pipeline(steps=[('wavelet', EEGWaveletFeatures()),
                ('clf', RandomForestClassifier())])",0.5192386526984354,0.521010758221374,0.5211472863635881,0.5228760469552491,495.6046974658966,1473.4186363220215,3110.65234375,./../../../data/raw/Data_npy/,-1,42,4,True,4,./results/,many_pipelines_MVT_search_preproc,./data/processed/,/iterations/,many_pipelines_MVT_search_preproc_iter,./logs/,True,True,True
-8,-4.0,1.6,-0.25,35,15,"Pipeline(steps=[('wavelet', EEGWaveletFeatures()),
                ('clf', RandomForestClassifier())])",0.5207184286060978,0.5243013710215381,0.5166228879571098,0.5238068778037144,535.0113234519958,1496.8574051856995,2393.79296875,./../../../data/raw/Data_npy/,-1,42,4,True,4,./results/,many_pipelines_MVT_search_preproc,./data/processed/,/iterations/,many_pipelines_MVT_search_preproc_iter,./logs/,True,True,True
-8,-4.0,1.6,-0.25,40,12,"Pipeline(steps=[('wavelet', EEGWaveletFeatures()),
                ('clf', RandomForestClassifier())])",0.5170863199277322,0.5256416606141272,0.5114995695058815,0.5250513835654396,505.466591835022,1413.1974239349365,3166.546875,./../../../data/raw/Data_npy/,-1,42,4,True,4,./results/,many_pipelines_MVT_search_preproc,./data/processed/,/iterations/,many_pipelines_MVT_search_preproc_iter,./logs/,True,True,True
-8,-4.0,1.6,-0.25,50,9,"Pipeline(steps=[('wavelet', EEGWaveletFeatures()),
                ('clf', RandomForestClassifier())])",0.5320676744245082,0.5394708781909574,0.5218727547743575,0.5377578836375974,497.44461393356323,1391.0476667881012,3031.8125,./../../../data/raw/Data_npy/,-1,42,4,True,4,./results/,many_pipelines_MVT_search_preproc,./data/processed/,/iterations/,many_pipelines_MVT_search_preproc_iter,./logs/,True,True,True
-8,-4.0,1.6,-0.25,60,5,"Pipeline(steps=[('wavelet', EEGWaveletFeatures()),
                ('clf', RandomForestClassifier())])",0.5364391299412615,0.5422266880026487,0.5198595673070943,0.5381176249450857,500.41827630996704,1359.8345248699188,3142.00390625,./../../../data/raw/Data_npy/,-1,42,4,True,4,./results/,many_pipelines_MVT_search_preproc,./data/processed/,/iterations/,many_pipelines_MVT_search_preproc_iter,./logs/,True,True,True
-8,-4.0,1.4,-0.75,20,1,"Pipeline(steps=[('wavelet', EEGWaveletFeatures()),
                ('clf', RandomForestClassifier())])",0.5262372212075312,0.529126712849884,0.5197441406652225,0.5368735469033166,508.93753242492676,1377.1350438594818,2694.453125,./../../../data/raw/Data_npy/,-1,42,4,True,4,./results/,many_pipelines_MVT_search_preproc,./data/processed/,/iterations/,many_pipelines_MVT_search_preproc_iter,./logs/,True,True,True
-8,-4.0,1.4,-0.75,25,5,"Pipeline(steps=[('wavelet', EEGWaveletFeatures()),
                ('clf', RandomForestClassifier())])",0.5261895289168073,0.5278640213773256,0.5220789844280025,0.5353563140094176,504.6386866569519,1383.9989621639252,2697.0390625,./../../../data/raw/Data_npy/,-1,42,4,True,4,./results/,many_pipelines_MVT_search_preproc,./data/processed/,/iterations/,many_pipelines_MVT_search_preproc_iter,./logs/,True,True,True
-8,-4.0,1.4,-0.75,30,5,"Pipeline(steps=[('wavelet', EEGWaveletFeatures()),
                ('clf', RandomForestClassifier())])",0.5291278495600119,0.527619766619745,0.5194504794033956,0.5310653818284284,536.518351316452,1425.8127591609955,2116.9921875,./../../../data/raw/Data_npy/,-1,42,4,True,4,./results/,many_pipelines_MVT_search_preproc,./data/processed/,/iterations/,many_pipelines_MVT_search_preproc_iter,./logs/,True,True,True
-8,-4.0,1.4,-0.75,35,5,"Pipeline(steps=[('wavelet', EEGWaveletFeatures()),
                ('clf', RandomForestClassifier())])",0.5278790891142475,0.5260437764597456,0.5150154911076268,0.5322876858090448,504.63296604156494,1359.0564377307892,2918.125,./../../../data/raw/Data_npy/,-1,42,4,True,4,./results/,many_pipelines_MVT_search_preproc,./data/processed/,/iterations/,many_pipelines_MVT_search_preproc_iter,./logs/,True,True,True
-8,-4.0,1.4,-0.75,40,1,"Pipeline(steps=[('wavelet', EEGWaveletFeatures()),
                ('clf', RandomForestClassifier())])",0.5248298733090653,0.5257065164245408,0.5176477193135681,0.5265610457751728,499.27876567840576,1368.200965166092,2867.59375,./../../../data/raw/Data_npy/,-1,42,4,True,4,./results/,many_pipelines_MVT_search_preproc,./data/processed/,/iterations/,many_pipelines_MVT_search_preproc_iter,./logs/,True,True,True
-8,-4.0,1.4,-0.75,40,30,"Pipeline(steps=[('wavelet', EEGWaveletFeatures()),
                ('clf', RandomForestClassifier())])",0.504904055704249,0.5076419526857053,0.5022754861461639,0.5062071387589229,500.20100831985474,1429.4721460342407,2922.7265625,./../../../data/raw/Data_npy/,-1,42,4,True,4,./results/,many_pipelines_MVT_search_preproc,./data/processed/,/iterations/,many_pipelines_MVT_search_preproc_iter,./logs/,True,True,True
-8,-4.0,1.4,-0.75,50,20,"Pipeline(steps=[('wavelet', EEGWaveletFeatures()),
                ('clf', RandomForestClassifier())])",0.5188106269554779,0.5260455368972551,0.5136960432039916,0.5133924765430052,506.9540340900421,1413.4403574466705,2694.453125,./../../../data/raw/Data_npy/,-1,42,4,True,4,./results/,many_pipelines_MVT_search_preproc,./data/processed/,/iterations/,many_pipelines_MVT_search_preproc_iter,./logs/,True,True,True
-8,-4.0,1.4,-0.75,60,15,"Pipeline(steps=[('wavelet', EEGWaveletFeatures()),
                ('clf', RandomForestClassifier())])",0.5209220501128853,0.5332039416978183,0.5158610866059532,0.5218478822628745,496.40722727775574,1425.647067308426,2697.0390625,./../../../data/raw/Data_npy/,-1,42,4,True,4,./results/,many_pipelines_MVT_search_preproc,./data/processed/,/iterations/,many_pipelines_MVT_search_preproc_iter,./logs/,True,True,True
-8,-4.0,1.4,-0.5,20,12,"Pipeline(steps=[('wavelet', EEGWaveletFeatures()),
                ('clf', RandomForestClassifier())])",0.5283785409154292,0.5318539399658814,0.5227804074320557,0.5320210819303681,538.5934319496155,1469.2896251678467,2119.69140625,./../../../data/raw/Data_npy/,-1,42,4,True,4,./results/,many_pipelines_MVT_search_preproc,./data/processed/,/iterations/,many_pipelines_MVT_search_preproc_iter,./logs/,True,True,True
-8,-4.0,1.4,-0.5,25,15,"Pipeline(steps=[('wavelet', EEGWaveletFeatures()),
                ('clf', RandomForestClassifier())])",0.5333365956230233,0.5316960320042481,0.5188134082139868,0.5275353664381122,503.2416572570801,1411.3365669250488,2918.125,./../../../data/raw/Data_npy/,-1,42,4,True,4,./results/,many_pipelines_MVT_search_preproc,./data/processed/,/iterations/,many_pipelines_MVT_search_preproc_iter,./logs/,True,True,True
-8,-4.0,1.4,-0.5,30,15,"Pipeline(steps=[('wavelet', EEGWaveletFeatures()),
                ('clf', RandomForestClassifier())])",0.5259098559500422,0.5214128746367799,0.5135657971945571,0.5273230946051147,496.77270126342773,1428.260015487671,2867.59375,./../../../data/raw/Data_npy/,-1,42,4,True,4,./results/,many_pipelines_MVT_search_preproc,./data/processed/,/iterations/,many_pipelines_MVT_search_preproc_iter,./logs/,True,True,True
-8,-4.0,1.4,-0.5,35,15,"Pipeline(steps=[('wavelet', EEGWaveletFeatures()),
                ('clf', RandomForestClassifier())])",0.5213191236093713,0.5251547986570912,0.5180385651107527,0.5221138969314524,497.97956109046936,1389.5076200962067,2922.7265625,./../../../data/raw/Data_npy/,-1,42,4,True,4,./results/,many_pipelines_MVT_search_preproc,./data/processed/,/iterations/,many_pipelines_MVT_search_preproc_iter,./logs/,True,True,True
-8,-4.0,1.4,-0.5,40,12,"Pipeline(steps=[('wavelet', EEGWaveletFeatures()),
                ('clf', RandomForestClassifier())])",0.5291692911374039,0.5320167168343537,0.5155935056792809,0.5244550119807307,503.08801651000977,1414.4913139343262,2694.453125,./../../../data/raw/Data_npy/,-1,42,4,True,4,./results/,many_pipelines_MVT_search_preproc,./data/processed/,/iterations/,many_pipelines_MVT_search_preproc_iter,./logs/,True,True,True
-8,-4.0,1.4,-0.5,50,9,"Pipeline(steps=[('wavelet', EEGWaveletFeatures()),
                ('clf', RandomForestClassifier())])",0.5387962188462604,0.5455209192037614,0.5330430447303036,0.5420906348069094,500.93108677864075,1387.563595533371,2697.0390625,./../../../data/raw/Data_npy/,-1,42,4,True,4,./results/,many_pipelines_MVT_search_preproc,./data/processed/,/iterations/,many_pipelines_MVT_search_preproc_iter,./logs/,True,True,True
-8,-4.0,1.4,-0.5,60,5,"Pipeline(steps=[('wavelet', EEGWaveletFeatures()),
                ('clf', RandomForestClassifier())])",0.5382227321197502,0.5381551830692357,0.5279580064071914,0.537187661253365,535.3200464248657,1416.616675376892,2116.43359375,./../../../data/raw/Data_npy/,-1,42,4,True,4,./results/,many_pipelines_MVT_search_preproc,./data/processed/,/iterations/,many_pipelines_MVT_search_preproc_iter,./logs/,True,True,True
-8,-4.0,1.4,-0.25,20,1,"Pipeline(steps=[('wavelet', EEGWaveletFeatures()),
                ('clf', RandomForestClassifier())])",0.5304149211381286,0.5291046139331117,0.5318491775268083,0.5340918521894314,499.50640535354614,1353.1976222991943,2918.1015625,./../../../data/raw/Data_npy/,-1,42,4,True,4,./results/,many_pipelines_MVT_search_preproc,./data/processed/,/iterations/,many_pipelines_MVT_search_preproc_iter,./logs/,True,True,True
-8,-4.0,1.4,-0.25,25,5,"Pipeline(steps=[('wavelet', EEGWaveletFeatures()),
                ('clf', RandomForestClassifier())])",0.53894705714927,0.5370805065004133,0.5221575863139044,0.5382419663798613,503.3942275047302,1370.3063876628876,2867.578125,./../../../data/raw/Data_npy/,-1,42,4,True,4,./results/,many_pipelines_MVT_search_preproc,./data/processed/,/iterations/,many_pipelines_MVT_search_preproc_iter,./logs/,True,True,True
-8,-4.0,1.4,-0.25,30,5,"Pipeline(steps=[('wavelet', EEGWaveletFeatures()),
                ('clf', RandomForestClassifier())])",0.5306547829436665,0.5305269280132686,0.5275919021640336,0.5327987248950234,538.7778558731079,1344.3294169902802,2922.72265625,./../../../data/raw/Data_npy/,-1,42,4,True,4,./results/,many_pipelines_MVT_search_preproc,./data/processed/,/iterations/,many_pipelines_MVT_search_preproc_iter,./logs/,True,True,True
-8,-4.0,1.4,-0.25,35,5,"Pipeline(steps=[('wavelet', EEGWaveletFeatures()),
                ('clf', RandomForestClassifier())])",0.533812832194987,0.5339145102008245,0.5222250052826847,0.5374013649435806,505.0415954589844,1389.4266295433044,2694.4375,./../../../data/raw/Data_npy/,-1,42,4,True,4,./results/,many_pipelines_MVT_search_preproc,./data/processed/,/iterations/,many_pipelines_MVT_search_preproc_iter,./logs/,True,True,True
-8,-4.0,1.4,-0.25,40,1,"Pipeline(steps=[('wavelet', EEGWaveletFeatures()),
                ('clf', RandomForestClassifier())])",0.5310358102383601,0.5281908351102358,0.5191036697234266,0.5330975947491614,503.3786029815674,1392.562108039856,2697.0390625,./../../../data/raw/Data_npy/,-1,42,4,True,4,./results/,many_pipelines_MVT_search_preproc,./data/processed/,/iterations/,many_pipelines_MVT_search_preproc_iter,./logs/,True,True,True
-8,-4.0,1.4,-0.25,40,30,"Pipeline(steps=[('wavelet', EEGWaveletFeatures()),
                ('clf', RandomForestClassifier())])",0.5058626884002725,0.513707912313593,0.5046903081367438,0.5058190650957941,540.1251142024994,1511.1167736053467,2119.10546875,./../../../data/raw/Data_npy/,-1,42,4,True,4,./results/,many_pipelines_MVT_search_preproc,./data/processed/,/iterations/,many_pipelines_MVT_search_preproc_iter,./logs/,True,True,True
-8,-4.0,1.4,-0.25,50,20,"Pipeline(steps=[('wavelet', EEGWaveletFeatures()),
                ('clf', RandomForestClassifier())])",0.5162732150812142,0.5330170160736392,0.5141864929107619,0.521568273222514,500.70925188064575,1395.7066848278046,2918.12109375,./../../../data/raw/Data_npy/,-1,42,4,True,4,./results/,many_pipelines_MVT_search_preproc,./data/processed/,/iterations/,many_pipelines_MVT_search_preproc_iter,./logs/,True,True,True
-8,-4.0,1.4,-0.25,60,15,"Pipeline(steps=[('wavelet', EEGWaveletFeatures()),
                ('clf', RandomForestClassifier())])",0.5242519688867997,0.5363488965229707,0.5171411905025476,0.5223486365503821,503.73039388656616,1401.2526953220367,2867.578125,./../../../data/raw/Data_npy/,-1,42,4,True,4,./results/,many_pipelines_MVT_search_preproc,./data/processed/,/iterations/,many_pipelines_MVT_search_preproc_iter,./logs/,True,True,True
-8,-4.0,1.0,-0.75,20,12,"Pipeline(steps=[('wavelet', EEGWaveletFeatures()),
                ('clf', RandomForestClassifier())])",0.5251917923044713,0.5255834631646108,0.5256050529016569,0.5251013599060553,527.6810855865479,1345.559336900711,2909.25390625,./../../../data/raw/Data_npy/,-1,42,4,True,4,./results/,many_pipelines_MVT_search_preproc,./data/processed/,/iterations/,many_pipelines_MVT_search_preproc_iter,./logs/,True,True,True
-8,-4.0,1.0,-0.75,25,15,"Pipeline(steps=[('wavelet', EEGWaveletFeatures()),
                ('clf', RandomForestClassifier())])",0.5197605818385863,0.5229962564515859,0.5169965665641092,0.5204376401467461,502.29441833496094,1394.071645975113,2574.90234375,./../../../data/raw/Data_npy/,-1,42,4,True,4,./results/,many_pipelines_MVT_search_preproc,./data/processed/,/iterations/,many_pipelines_MVT_search_preproc_iter,./logs/,True,True,True
-8,-4.0,1.0,-0.75,30,15,"Pipeline(steps=[('wavelet', EEGWaveletFeatures()),
                ('clf', RandomForestClassifier())])",0.5182629364087619,0.5216798360020702,0.5178902627795204,0.5226886454591657,500.7013518810272,1407.4305818080902,2509.14453125,./../../../data/raw/Data_npy/,-1,42,4,True,4,./results/,many_pipelines_MVT_search_preproc,./data/processed/,/iterations/,many_pipelines_MVT_search_preproc_iter,./logs/,True,True,True
-8,-4.0,1.0,-0.75,35,15,"Pipeline(steps=[('wavelet', EEGWaveletFeatures()),
                ('clf', RandomForestClassifier())])",0.5160761304423638,0.5208489406524863,0.5105437843972169,0.5136845315706067,534.6650466918945,1433.7342467308044,1580.83203125,./../../../data/raw/Data_npy/,-1,42,4,True,4,./results/,many_pipelines_MVT_search_preproc,./data/processed/,/iterations/,many_pipelines_MVT_search_preproc_iter,./logs/,True,True,True
-8,-4.0,1.0,-0.75,40,12,"Pipeline(steps=[('wavelet', EEGWaveletFeatures()),
                ('clf', RandomForestClassifier())])",0.5158166530807254,0.5243988789748564,0.5147668683709468,0.5238528392456534,501.0822899341583,1349.2778952121735,2869.6328125,./../../../data/raw/Data_npy/,-1,42,4,True,4,./results/,many_pipelines_MVT_search_preproc,./data/processed/,/iterations/,many_pipelines_MVT_search_preproc_iter,./logs/,True,True,True
-8,-4.0,1.0,-0.75,50,9,"Pipeline(steps=[('wavelet', EEGWaveletFeatures()),
                ('clf', RandomForestClassifier())])",0.5267249574863864,0.5374975732010134,0.5303901334623589,0.5371892615565151,502.1447591781616,1302.8606452941895,2909.2421875,./../../../data/raw/Data_npy/,-1,42,4,True,4,./results/,many_pipelines_MVT_search_preproc,./data/processed/,/iterations/,many_pipelines_MVT_search_preproc_iter,./logs/,True,True,True
-8,-4.0,1.0,-0.75,60,5,"Pipeline(steps=[('wavelet', EEGWaveletFeatures()),
                ('clf', RandomForestClassifier())])",0.5331496718295199,0.5329486467270693,0.5230771359712222,0.5227264664458633,501.2786202430725,1335.195368051529,2853.8203125,./../../../data/raw/Data_npy/,-1,42,4,True,4,./results/,many_pipelines_MVT_search_preproc,./data/processed/,/iterations/,many_pipelines_MVT_search_preproc_iter,./logs/,True,True,True
-8,-4.0,1.0,-0.5,20,1,"Pipeline(steps=[('wavelet', EEGWaveletFeatures()),
                ('clf', RandomForestClassifier())])",0.5236348471407624,0.5271279410082363,0.5230099004921971,0.5247049123422404,536.5700964927673,1331.6346943378448,2574.88671875,./../../../data/raw/Data_npy/,-1,42,4,True,4,./results/,many_pipelines_MVT_search_preproc,./data/processed/,/iterations/,many_pipelines_MVT_search_preproc_iter,./logs/,True,True,True
-8,-4.0,1.0,-0.5,25,5,"Pipeline(steps=[('wavelet', EEGWaveletFeatures()),
                ('clf', RandomForestClassifier())])",0.5306044341021223,0.5336861074451167,0.5216782685398044,0.5341201113393803,503.5035288333893,1351.6384093761444,2509.13671875,./../../../data/raw/Data_npy/,-1,42,4,True,4,./results/,many_pipelines_MVT_search_preproc,./data/processed/,/iterations/,many_pipelines_MVT_search_preproc_iter,./logs/,True,True,True
-8,-4.0,1.0,-0.5,30,5,"Pipeline(steps=[('wavelet', EEGWaveletFeatures()),
                ('clf', RandomForestClassifier())])",0.5248512995178456,0.5298768175296388,0.5204461303433878,0.5274357007210143,535.8080971240997,1378.4835631847382,1580.9921875,./../../../data/raw/Data_npy/,-1,42,4,True,4,./results/,many_pipelines_MVT_search_preproc,./data/processed/,/iterations/,many_pipelines_MVT_search_preproc_iter,./logs/,True,True,True
-8,-4.0,1.0,-0.5,35,5,"Pipeline(steps=[('wavelet', EEGWaveletFeatures()),
                ('clf', RandomForestClassifier())])",0.526646635706274,0.5267196419665956,0.5156973625436405,0.5329907493947759,497.8702437877655,1313.5184507369995,2869.62109375,./../../../data/raw/Data_npy/,-1,42,4,True,4,./results/,many_pipelines_MVT_search_preproc,./data/processed/,/iterations/,many_pipelines_MVT_search_preproc_iter,./logs/,True,True,True
-8,-4.0,1.0,-0.5,40,1,"Pipeline(steps=[('wavelet', EEGWaveletFeatures()),
                ('clf', RandomForestClassifier())])",0.5288475089039864,0.5278060867782502,0.5197074579590945,0.5320676298571798,507.0339572429657,1295.0061643123627,2909.25,./../../../data/raw/Data_npy/,-1,42,4,True,4,./results/,many_pipelines_MVT_search_preproc,./data/processed/,/iterations/,many_pipelines_MVT_search_preproc_iter,./logs/,True,True,True
-8,-4.0,1.0,-0.5,40,30,"Pipeline(steps=[('wavelet', EEGWaveletFeatures()),
                ('clf', RandomForestClassifier())])",0.504129185899264,0.5100404239982635,0.5042893535966156,0.5044346052989368,504.5830237865448,1417.17782497406,2853.81640625,./../../../data/raw/Data_npy/,-1,42,4,True,4,./results/,many_pipelines_MVT_search_preproc,./data/processed/,/iterations/,many_pipelines_MVT_search_preproc_iter,./logs/,True,True,True
-8,-4.0,1.0,-0.5,50,20,"Pipeline(steps=[('wavelet', EEGWaveletFeatures()),
                ('clf', RandomForestClassifier())])",0.5135424717396514,0.5283735314022852,0.5164754239680265,0.5225613318998991,500.6071422100067,1375.4725847244263,2574.890625,./../../../data/raw/Data_npy/,-1,42,4,True,4,./results/,many_pipelines_MVT_search_preproc,./data/processed/,/iterations/,many_pipelines_MVT_search_preproc_iter,./logs/,True,True,True
-8,-4.0,1.0,-0.5,60,15,"Pipeline(steps=[('wavelet', EEGWaveletFeatures()),
                ('clf', RandomForestClassifier())])",0.5274738924481872,0.5368498475483607,0.5115776408378598,0.5221515642839081,531.9578974246979,1388.7505943775177,2509.14453125,./../../../data/raw/Data_npy/,-1,42,4,True,4,./results/,many_pipelines_MVT_search_preproc,./data/processed/,/iterations/,many_pipelines_MVT_search_preproc_iter,./logs/,True,True,True
-8,-4.0,1.0,-0.25,20,12,"Pipeline(steps=[('wavelet', EEGWaveletFeatures()),
                ('clf', RandomForestClassifier())])",0.5302539105642132,0.5311174599172768,0.5273930772247337,0.5289092839758675,535.0600633621216,1426.3664677143097,1582.11328125,./../../../data/raw/Data_npy/,-1,42,4,True,4,./results/,many_pipelines_MVT_search_preproc,./data/processed/,/iterations/,many_pipelines_MVT_search_preproc_iter,./logs/,True,True,True
-8,-4.0,1.0,-0.25,25,15,"Pipeline(steps=[('wavelet', EEGWaveletFeatures()),
                ('clf', RandomForestClassifier())])",0.5278888253912664,0.5310533689073558,0.5207546355468,0.5356395911534352,497.74838972091675,1358.6762337684631,2869.625,./../../../data/raw/Data_npy/,-1,42,4,True,4,./results/,many_pipelines_MVT_search_preproc,./data/processed/,/iterations/,many_pipelines_MVT_search_preproc_iter,./logs/,True,True,True
-8,-4.0,1.0,-0.25,30,15,"Pipeline(steps=[('wavelet', EEGWaveletFeatures()),
                ('clf', RandomForestClassifier())])",0.518269580679251,0.5253317249229634,0.5172162708156967,0.5227362573655873,502.1709895133972,1359.3685238361359,2909.24609375,./../../../data/raw/Data_npy/,-1,42,4,True,4,./results/,many_pipelines_MVT_search_preproc,./data/processed/,/iterations/,many_pipelines_MVT_search_preproc_iter,./logs/,True,True,True
-8,-4.0,1.0,-0.25,35,15,"Pipeline(steps=[('wavelet', EEGWaveletFeatures()),
                ('clf', RandomForestClassifier())])",0.518706163968445,0.5216720701385649,0.5161769248964718,0.5182537566029488,503.18018984794617,1386.1038002967834,2853.828125,./../../../data/raw/Data_npy/,-1,42,4,True,4,./results/,many_pipelines_MVT_search_preproc,./data/processed/,/iterations/,many_pipelines_MVT_search_preproc_iter,./logs/,True,True,True
-8,-4.0,1.0,-0.25,40,12,"Pipeline(steps=[('wavelet', EEGWaveletFeatures()),
                ('clf', RandomForestClassifier())])",0.5260273971032787,0.5275631443984274,0.5218900251715697,0.5261595064977885,501.58131551742554,1369.3323249816895,2574.89453125,./../../../data/raw/Data_npy/,-1,42,4,True,4,./results/,many_pipelines_MVT_search_preproc,./data/processed/,/iterations/,many_pipelines_MVT_search_preproc_iter,./logs/,True,True,True
-8,-4.0,1.0,-0.25,50,9,"Pipeline(steps=[('wavelet', EEGWaveletFeatures()),
                ('clf', RandomForestClassifier())])",0.5273724442772084,0.5377456992889238,0.5295072571395135,0.5279864943428704,531.5482933521271,1377.2673785686493,2509.14453125,./../../../data/raw/Data_npy/,-1,42,4,True,4,./results/,many_pipelines_MVT_search_preproc,./data/processed/,/iterations/,many_pipelines_MVT_search_preproc_iter,./logs/,True,True,True
-8,-4.0,1.0,-0.25,60,5,"Pipeline(steps=[('wavelet', EEGWaveletFeatures()),
                ('clf', RandomForestClassifier())])",0.5316279703633362,0.5395756847570637,0.5292962798063466,0.5342506444518162,534.1594858169556,1377.972285747528,1582.01171875,./../../../data/raw/Data_npy/,-1,42,4,True,4,./results/,many_pipelines_MVT_search_preproc,./data/processed/,/iterations/,many_pipelines_MVT_search_preproc_iter,./logs/,True,True,True
-8,-4.0,0.5,-0.75,20,1,"Pipeline(steps=[('wavelet', EEGWaveletFeatures()),
                ('clf', RandomForestClassifier())])",0.5117263574903151,0.5090638758711099,0.5081362273855092,0.5073153440628742,500.9973223209381,1228.5552525520325,2869.6328125,./../../../data/raw/Data_npy/,-1,42,4,True,4,./results/,many_pipelines_MVT_search_preproc,./data/processed/,/iterations/,many_pipelines_MVT_search_preproc_iter,./logs/,True,True,True
-8,-4.0,0.5,-0.75,25,5,"Pipeline(steps=[('wavelet', EEGWaveletFeatures()),
                ('clf', RandomForestClassifier())])",0.5104228175371901,0.5103018721480522,0.506495772431779,0.5058566102643066,500.21955704689026,1238.9399888515472,2909.2421875,./../../../data/raw/Data_npy/,-1,42,4,True,4,./results/,many_pipelines_MVT_search_preproc,./data/processed/,/iterations/,many_pipelines_MVT_search_preproc_iter,./logs/,True,True,True
-8,-4.0,0.5,-0.75,30,5,"Pipeline(steps=[('wavelet', EEGWaveletFeatures()),
                ('clf', RandomForestClassifier())])",0.5097351042230953,0.5120574027386657,0.5099817200767761,0.5123464648850757,499.7560167312622,1288.0188398361206,2853.81640625,./../../../data/raw/Data_npy/,-1,42,4,True,4,./results/,many_pipelines_MVT_search_preproc,./data/processed/,/iterations/,many_pipelines_MVT_search_preproc_iter,./logs/,True,True,True
-8,-4.0,0.5,-0.75,35,5,"Pipeline(steps=[('wavelet', EEGWaveletFeatures()),
                ('clf', RandomForestClassifier())])",0.5114894281017199,0.5129544853308334,0.5137102643624996,0.5120959764647811,500.2905025482178,1277.1420919895172,2574.89453125,./../../../data/raw/Data_npy/,-1,42,4,True,4,./results/,many_pipelines_MVT_search_preproc,./data/processed/,/iterations/,many_pipelines_MVT_search_preproc_iter,./logs/,True,True,True
-8,-4.0,0.5,-0.75,40,1,"Pipeline(steps=[('wavelet', EEGWaveletFeatures()),
                ('clf', RandomForestClassifier())])",0.5097334714661814,0.5097348284923032,0.51030277825448,0.5085358294245507,531.19007563591,1294.7278678417206,2509.13671875,./../../../data/raw/Data_npy/,-1,42,4,True,4,./results/,many_pipelines_MVT_search_preproc,./data/processed/,/iterations/,many_pipelines_MVT_search_preproc_iter,./logs/,True,True,True
-8,-4.0,0.5,-0.75,40,30,"Pipeline(steps=[('wavelet', EEGWaveletFeatures()),
                ('clf', RandomForestClassifier())])",0.4986629918903582,0.501673813188499,0.5019090318275534,0.4978736460523067,500.8796272277832,1390.3645672798157,897.96875,./../../../data/raw/Data_npy/,-1,42,4,True,4,./results/,many_pipelines_MVT_search_preproc,./data/processed/,/iterations/,many_pipelines_MVT_search_preproc_iter,./logs/,True,True,True
-8,-4.0,0.5,-0.75,50,20,"Pipeline(steps=[('wavelet', EEGWaveletFeatures()),
                ('clf', RandomForestClassifier())])",0.5087633914892362,0.5157709066996291,0.5160192494756857,0.5032115136024071,531.8864126205444,1266.2945430278778,2869.6328125,./../../../data/raw/Data_npy/,-1,42,4,True,4,./results/,many_pipelines_MVT_search_preproc,./data/processed/,/iterations/,many_pipelines_MVT_search_preproc_iter,./logs/,True,True,True
-8,-4.0,0.5,-0.75,60,15,"Pipeline(steps=[('wavelet', EEGWaveletFeatures()),
                ('clf', RandomForestClassifier())])",0.5076778336461051,0.5143547549169782,0.5101852741085617,0.5061459733992931,500.3563838005066,1275.285269021988,2909.24609375,./../../../data/raw/Data_npy/,-1,42,4,True,4,./results/,many_pipelines_MVT_search_preproc,./data/processed/,/iterations/,many_pipelines_MVT_search_preproc_iter,./logs/,True,True,True
-8,-4.0,0.5,-0.5,20,12,"Pipeline(steps=[('wavelet', EEGWaveletFeatures()),
                ('clf', RandomForestClassifier())])",0.5067095111312993,0.5179479462031118,0.5083121783283295,0.5077378906773727,499.97522139549255,1317.3363840579987,2853.828125,./../../../data/raw/Data_npy/,-1,42,4,True,4,./results/,many_pipelines_MVT_search_preproc,./data/processed/,/iterations/,many_pipelines_MVT_search_preproc_iter,./logs/,True,True,True
-8,-4.0,0.5,-0.5,25,15,"Pipeline(steps=[('wavelet', EEGWaveletFeatures()),
                ('clf', RandomForestClassifier())])",0.5109476917847471,0.5118109029813334,0.5143006838614904,0.5106292842287226,494.7477502822876,1346.2983372211456,2574.90234375,./../../../data/raw/Data_npy/,-1,42,4,True,4,./results/,many_pipelines_MVT_search_preproc,./data/processed/,/iterations/,many_pipelines_MVT_search_preproc_iter,./logs/,True,True,True
-8,-4.0,0.5,-0.5,30,15,"Pipeline(steps=[('wavelet', EEGWaveletFeatures()),
                ('clf', RandomForestClassifier())])",0.5029214974825686,0.5083126071408045,0.5078676177728781,0.5034849194865642,525.8980331420898,1331.9584646224976,2509.13671875,./../../../data/raw/Data_npy/,-1,42,4,True,4,./results/,many_pipelines_MVT_search_preproc,./data/processed/,/iterations/,many_pipelines_MVT_search_preproc_iter,./logs/,True,True,True
-8,-4.0,0.5,-0.5,35,15,"Pipeline(steps=[('wavelet', EEGWaveletFeatures()),
                ('clf', RandomForestClassifier())])",0.5046395510254482,0.5134717000908164,0.5109705040874715,0.5078802315816743,496.3594443798065,1277.2284479141235,2869.6328125,./../../../data/raw/Data_npy/,-1,42,4,True,4,./results/,many_pipelines_MVT_search_preproc,./data/processed/,/iterations/,many_pipelines_MVT_search_preproc_iter,./logs/,True,True,True
-8,-4.0,0.5,-0.5,40,12,"Pipeline(steps=[('wavelet', EEGWaveletFeatures()),
                ('clf', RandomForestClassifier())])",0.5049061232249374,0.5106452524688355,0.5090539673807788,0.5035835603313343,500.2726962566376,1341.1606147289276,897.859375,./../../../data/raw/Data_npy/,-1,42,4,True,4,./results/,many_pipelines_MVT_search_preproc,./data/processed/,/iterations/,many_pipelines_MVT_search_preproc_iter,./logs/,True,True,True
-8,-4.0,0.5,-0.5,50,9,"Pipeline(steps=[('wavelet', EEGWaveletFeatures()),
                ('clf', RandomForestClassifier())])",0.5250405207079496,0.5300462465543522,0.5269200157577801,0.5226726648352039,528.2673552036285,1241.9339535236359,2909.2421875,./../../../data/raw/Data_npy/,-1,42,4,True,4,./results/,many_pipelines_MVT_search_preproc,./data/processed/,/iterations/,many_pipelines_MVT_search_preproc_iter,./logs/,True,True,True
-8,-4.0,0.5,-0.5,60,5,"Pipeline(steps=[('wavelet', EEGWaveletFeatures()),
                ('clf', RandomForestClassifier())])",0.522435816418589,0.5203418899030366,0.5224457328052065,0.5136785435836092,500.5264449119568,1264.3847591876984,2853.828125,./../../../data/raw/Data_npy/,-1,42,4,True,4,./results/,many_pipelines_MVT_search_preproc,./data/processed/,/iterations/,many_pipelines_MVT_search_preproc_iter,./logs/,True,True,True
-8,-4.0,0.5,-0.25,20,1,"Pipeline(steps=[('wavelet', EEGWaveletFeatures()),
                ('clf', RandomForestClassifier())])",0.5137413178861607,0.5117791428611728,0.5162054726707996,0.5097261181866072,501.960471868515,1283.3757615089417,2574.89453125,./../../../data/raw/Data_npy/,-1,42,4,True,4,./results/,many_pipelines_MVT_search_preproc,./data/processed/,/iterations/,many_pipelines_MVT_search_preproc_iter,./logs/,True,True,True
-8,-4.0,0.5,-0.25,25,5,"Pipeline(steps=[('wavelet', EEGWaveletFeatures()),
                ('clf', RandomForestClassifier())])",0.5156092457153423,0.5122869725354301,0.5138489921038842,0.5133966923375579,524.2996497154236,1281.73681473732,2509.1328125,./../../../data/raw/Data_npy/,-1,42,4,True,4,./results/,many_pipelines_MVT_search_preproc,./data/processed/,/iterations/,many_pipelines_MVT_search_preproc_iter,./logs/,True,True,True
-8,-4.0,0.5,-0.25,30,5,"Pipeline(steps=[('wavelet', EEGWaveletFeatures()),
                ('clf', RandomForestClassifier())])",0.5180947835465296,0.5132131094071677,0.5168731950865403,0.5112490717343212,496.42578053474426,1237.1467711925507,2869.640625,./../../../data/raw/Data_npy/,-1,42,4,True,4,./results/,many_pipelines_MVT_search_preproc,./data/processed/,/iterations/,many_pipelines_MVT_search_preproc_iter,./logs/,True,True,True
-8,-4.0,0.5,-0.25,35,5,"Pipeline(steps=[('wavelet', EEGWaveletFeatures()),
                ('clf', RandomForestClassifier())])",0.5171743438701575,0.5129455111803833,0.5089711743119649,0.518498887094577,498.9364833831787,1230.351201057434,892.83984375,./../../../data/raw/Data_npy/,-1,42,4,True,4,./results/,many_pipelines_MVT_search_preproc,./data/processed/,/iterations/,many_pipelines_MVT_search_preproc_iter,./logs/,True,True,True
-8,-4.0,0.5,-0.25,40,1,"Pipeline(steps=[('wavelet', EEGWaveletFeatures()),
                ('clf', RandomForestClassifier())])",0.515713918794122,0.5138707315079718,0.5119246420933865,0.5170979755356929,530.4346301555634,1223.376113653183,2909.24609375,./../../../data/raw/Data_npy/,-1,42,4,True,4,./results/,many_pipelines_MVT_search_preproc,./data/processed/,/iterations/,many_pipelines_MVT_search_preproc_iter,./logs/,True,True,True
-8,-4.0,0.5,-0.25,40,30,"Pipeline(steps=[('wavelet', EEGWaveletFeatures()),
                ('clf', RandomForestClassifier())])",0.5011232492203264,0.5073157988915292,0.4980410930541855,0.5018699139011258,506.49161648750305,1348.5200383663177,2853.83203125,./../../../data/raw/Data_npy/,-1,42,4,True,4,./results/,many_pipelines_MVT_search_preproc,./data/processed/,/iterations/,many_pipelines_MVT_search_preproc_iter,./logs/,True,True,True
-8,-4.0,0.5,-0.25,50,20,"Pipeline(steps=[('wavelet', EEGWaveletFeatures()),
                ('clf', RandomForestClassifier())])",0.5097916301571058,0.5169992802501227,0.5156061701135282,0.5095582372130926,499.73866844177246,1298.4596166610718,2574.89453125,./../../../data/raw/Data_npy/,-1,42,4,True,4,./results/,many_pipelines_MVT_search_preproc,./data/processed/,/iterations/,many_pipelines_MVT_search_preproc_iter,./logs/,True,True,True
-8,-4.0,0.5,-0.25,60,15,"Pipeline(steps=[('wavelet', EEGWaveletFeatures()),
                ('clf', RandomForestClassifier())])",0.5113734273335313,0.5238173973303347,0.5160255903478292,0.5121961459463846,523.1139144897461,1314.3024685382843,2509.13671875,./../../../data/raw/Data_npy/,-1,42,4,True,4,./results/,many_pipelines_MVT_search_preproc,./data/processed/,/iterations/,many_pipelines_MVT_search_preproc_iter,./logs/,True,True,True
-8,-1.2,1.0,-0.75,20,12,"Pipeline(steps=[('wavelet', EEGWaveletFeatures()),
                ('clf', RandomForestClassifier())])",0.5001137991296905,0.507274550851353,0.4998719622873238,0.49820543238627535,495.7068531513214,1350.079583644867,2869.63671875,./../../../data/raw/Data_npy/,-1,42,4,True,4,./results/,many_pipelines_MVT_search_preproc,./data/processed/,/iterations/,many_pipelines_MVT_search_preproc_iter,./logs/,True,True,True
-8,-1.2,1.0,-0.75,25,15,"Pipeline(steps=[('wavelet', EEGWaveletFeatures()),
                ('clf', RandomForestClassifier())])",0.4971335587946173,0.5066218720447601,0.5033364009147503,0.5021124786360001,500.7360610961914,1363.0907464027405,1563.890625,./../../../data/raw/Data_npy/,-1,42,4,True,4,./results/,many_pipelines_MVT_search_preproc,./data/processed/,/iterations/,many_pipelines_MVT_search_preproc_iter,./logs/,True,True,True
-8,-1.2,1.0,-0.75,30,15,"Pipeline(steps=[('wavelet', EEGWaveletFeatures()),
                ('clf', RandomForestClassifier())])",0.5022160717495469,0.5042256211143064,0.5053828970349867,0.49712485029054077,528.8463950157166,1363.8746750354767,2909.5390625,./../../../data/raw/Data_npy/,-1,42,4,True,4,./results/,many_pipelines_MVT_search_preproc,./data/processed/,/iterations/,many_pipelines_MVT_search_preproc_iter,./logs/,True,True,True
-8,-1.2,1.0,-0.75,35,15,"Pipeline(steps=[('wavelet', EEGWaveletFeatures()),
                ('clf', RandomForestClassifier())])",0.496313575135436,0.5023332672913541,0.5033191057871153,0.5000039035248944,508.87211322784424,1400.1931393146515,2853.82421875,./../../../data/raw/Data_npy/,-1,42,4,True,4,./results/,many_pipelines_MVT_search_preproc,./data/processed/,/iterations/,many_pipelines_MVT_search_preproc_iter,./logs/,True,True,True
-8,-1.2,1.0,-0.75,40,12,"Pipeline(steps=[('wavelet', EEGWaveletFeatures()),
                ('clf', RandomForestClassifier())])",0.4969152966071987,0.5043236556835026,0.5034195262000365,0.4969360707905557,497.317494392395,1400.6933104991913,2574.88671875,./../../../data/raw/Data_npy/,-1,42,4,True,4,./results/,many_pipelines_MVT_search_preproc,./data/processed/,/iterations/,many_pipelines_MVT_search_preproc_iter,./logs/,True,True,True
-8,-1.2,1.0,-0.75,50,9,"Pipeline(steps=[('wavelet', EEGWaveletFeatures()),
                ('clf', RandomForestClassifier())])",0.4986347479893055,0.5042279316818736,0.5019658524745177,0.49635927510303096,526.6886141300201,1406.7249538898468,2509.13671875,./../../../data/raw/Data_npy/,-1,42,4,True,4,./results/,many_pipelines_MVT_search_preproc,./data/processed/,/iterations/,many_pipelines_MVT_search_preproc_iter,./logs/,True,True,True
-8,-1.2,1.0,-0.75,60,5,"Pipeline(steps=[('wavelet', EEGWaveletFeatures()),
                ('clf', RandomForestClassifier())])",0.5030163154133358,0.5033350106703931,0.4974005506765662,0.49981474830295314,497.53599786758423,1319.639079093933,2869.6328125,./../../../data/raw/Data_npy/,-1,42,4,True,4,./results/,many_pipelines_MVT_search_preproc,./data/processed/,/iterations/,many_pipelines_MVT_search_preproc_iter,./logs/,True,True,True
-8,-1.2,1.0,-0.5,20,1,"Pipeline(steps=[('wavelet', EEGWaveletFeatures()),
                ('clf', RandomForestClassifier())])",0.497244246688049,0.5061472674949627,0.4991267863756202,0.5041886158771401,503.01238656044006,1331.6149952411652,1564.57421875,./../../../data/raw/Data_npy/,-1,42,4,True,4,./results/,many_pipelines_MVT_search_preproc,./data/processed/,/iterations/,many_pipelines_MVT_search_preproc_iter,./logs/,True,True,True
-8,-1.2,1.0,-0.5,25,5,"Pipeline(steps=[('wavelet', EEGWaveletFeatures()),
                ('clf', RandomForestClassifier())])",0.5075008118835338,0.5079592289802164,0.4931516600546055,0.5078468772549751,498.1916377544403,1327.831235408783,2909.53125,./../../../data/raw/Data_npy/,-1,42,4,True,4,./results/,many_pipelines_MVT_search_preproc,./data/processed/,/iterations/,many_pipelines_MVT_search_preproc_iter,./logs/,True,True,True
-8,-1.2,1.0,-0.5,30,5,"Pipeline(steps=[('wavelet', EEGWaveletFeatures()),
                ('clf', RandomForestClassifier())])",0.5084618861048932,0.5073094055213956,0.4965804633770077,0.5019725825411803,528.6568710803986,1362.8732538223267,2853.828125,./../../../data/raw/Data_npy/,-1,42,4,True,4,./results/,many_pipelines_MVT_search_preproc,./data/processed/,/iterations/,many_pipelines_MVT_search_preproc_iter,./logs/,True,True,True
-8,-1.2,1.0,-0.5,35,5,"Pipeline(steps=[('wavelet', EEGWaveletFeatures()),
                ('clf', RandomForestClassifier())])",0.5035197583770252,0.5048306305063794,0.49304811923361036,0.5032641653934209,508.79761362075806,1368.3682515621185,2574.8984375,./../../../data/raw/Data_npy/,-1,42,4,True,4,./results/,many_pipelines_MVT_search_preproc,./data/processed/,/iterations/,many_pipelines_MVT_search_preproc_iter,./logs/,True,True,True
-8,-1.2,1.0,-0.5,40,1,"Pipeline(steps=[('wavelet', EEGWaveletFeatures()),
                ('clf', RandomForestClassifier())])",0.5018977469398482,0.5015156521912677,0.4930890182793215,0.503253775350859,530.4155039787292,1397.0788385868073,2509.13671875,./../../../data/raw/Data_npy/,-1,42,4,True,4,./results/,many_pipelines_MVT_search_preproc,./data/processed/,/iterations/,many_pipelines_MVT_search_preproc_iter,./logs/,True,True,True
-8,-1.2,1.0,-0.5,40,30,"Pipeline(steps=[('wavelet', EEGWaveletFeatures()),
                ('clf', RandomForestClassifier())])",0.49645991780726645,0.5010825814048179,0.4998807629537907,0.49814565938453276,497.6814594268799,1392.8754887580872,2869.625,./../../../data/raw/Data_npy/,-1,42,4,True,4,./results/,many_pipelines_MVT_search_preproc,./data/processed/,/iterations/,many_pipelines_MVT_search_preproc_iter,./logs/,True,True,True
-8,-1.2,1.0,-0.5,50,20,"Pipeline(steps=[('wavelet', EEGWaveletFeatures()),
                ('clf', RandomForestClassifier())])",0.5018493350551683,0.5100379511710068,0.501466442678047,0.5065503815513166,501.8688454627991,1375.0230460166931,1561.8984375,./../../../data/raw/Data_npy/,-1,42,4,True,4,./results/,many_pipelines_MVT_search_preproc,./data/processed/,/iterations/,many_pipelines_MVT_search_preproc_iter,./logs/,True,True,True
-8,-1.2,1.0,-0.5,60,15,"Pipeline(steps=[('wavelet', EEGWaveletFeatures()),
                ('clf', RandomForestClassifier())])",0.5034086539567664,0.5022390150227976,0.5051361213215314,0.5020611602142518,499.1837582588196,1363.365477323532,2909.52734375,./../../../data/raw/Data_npy/,-1,42,4,True,4,./results/,many_pipelines_MVT_search_preproc,./data/processed/,/iterations/,many_pipelines_MVT_search_preproc_iter,./logs/,True,True,True
-8,-1.2,1.0,-0.25,20,12,"Pipeline(steps=[('wavelet', EEGWaveletFeatures()),
                ('clf', RandomForestClassifier())])",0.5035731923942334,0.5062012833302852,0.5044053251530349,0.5022172224927922,510.94993591308594,1411.4088306427002,2853.81640625,./../../../data/raw/Data_npy/,-1,42,4,True,4,./results/,many_pipelines_MVT_search_preproc,./data/processed/,/iterations/,many_pipelines_MVT_search_preproc_iter,./logs/,True,True,True
-8,-1.2,1.0,-0.25,25,15,"Pipeline(steps=[('wavelet', EEGWaveletFeatures()),
                ('clf', RandomForestClassifier())])",0.5060605320847205,0.5110135983825028,0.501862915948142,0.5039796852228631,527.2225363254547,1417.9297461509705,2574.8984375,./../../../data/raw/Data_npy/,-1,42,4,True,4,./results/,many_pipelines_MVT_search_preproc,./data/processed/,/iterations/,many_pipelines_MVT_search_preproc_iter,./logs/,True,True,True
-8,-1.2,1.0,-0.25,30,15,"Pipeline(steps=[('wavelet', EEGWaveletFeatures()),
                ('clf', RandomForestClassifier())])",0.5054225399894586,0.5069580757717982,0.5023288085910089,0.5087176748709183,530.0342597961426,1454.2114465236664,2509.14453125,./../../../data/raw/Data_npy/,-1,42,4,True,4,./results/,many_pipelines_MVT_search_preproc,./data/processed/,/iterations/,many_pipelines_MVT_search_preproc_iter,./logs/,True,True,True
-8,-1.2,1.0,-0.25,35,15,"Pipeline(steps=[('wavelet', EEGWaveletFeatures()),
                ('clf', RandomForestClassifier())])",0.5082456316843558,0.5098737716561133,0.5031806544518986,0.5101822330255655,495.39623045921326,1367.3200643062592,2869.640625,./../../../data/raw/Data_npy/,-1,42,4,True,4,./results/,many_pipelines_MVT_search_preproc,./data/processed/,/iterations/,many_pipelines_MVT_search_preproc_iter,./logs/,True,True,True
-8,-1.2,1.0,-0.25,40,12,"Pipeline(steps=[('wavelet', EEGWaveletFeatures()),
                ('clf', RandomForestClassifier())])",0.5089631674406558,0.5054799894211615,0.509926280030788,0.5083169645950585,501.1405498981476,1381.5824806690216,1562.265625,./../../../data/raw/Data_npy/,-1,42,4,True,4,./results/,many_pipelines_MVT_search_preproc,./data/processed/,/iterations/,many_pipelines_MVT_search_preproc_iter,./logs/,True,True,True
-8,-1.2,1.0,-0.25,50,9,"Pipeline(steps=[('wavelet', EEGWaveletFeatures()),
                ('clf', RandomForestClassifier())])",0.5103990869824016,0.5115984878238701,0.5039776077767671,0.5118048830044174,498.2761251926422,1351.3090240955353,2909.53125,./../../../data/raw/Data_npy/,-1,42,4,True,4,./results/,many_pipelines_MVT_search_preproc,./data/processed/,/iterations/,many_pipelines_MVT_search_preproc_iter,./logs/,True,True,True
-8,-1.2,1.0,-0.25,60,5,"Pipeline(steps=[('wavelet', EEGWaveletFeatures()),
                ('clf', RandomForestClassifier())])",0.5116956795270454,0.5131217312987288,0.49794260691010184,0.5127049783533139,511.4621274471283,1366.584846496582,2853.8203125,./../../../data/raw/Data_npy/,-1,42,4,True,4,./results/,many_pipelines_MVT_search_preproc,./data/processed/,/iterations/,many_pipelines_MVT_search_preproc_iter,./logs/,True,True,True
-8,-1.2,0.5,-0.75,20,1,"Pipeline(steps=[('wavelet', EEGWaveletFeatures()),
                ('clf', RandomForestClassifier())])",0.4963761271557704,0.4993796554525615,0.49566653584605636,0.4973824653081583,528.8689959049225,1308.6874527931213,2574.8984375,./../../../data/raw/Data_npy/,-1,42,4,True,4,./results/,many_pipelines_MVT_search_preproc,./data/processed/,/iterations/,many_pipelines_MVT_search_preproc_iter,./logs/,True,True,True
-8,-1.2,0.5,-0.75,25,5,"Pipeline(steps=[('wavelet', EEGWaveletFeatures()),
                ('clf', RandomForestClassifier())])",0.4966801608162339,0.5055910269859464,0.49524079793694986,0.5026735740608764,522.867161989212,1345.6384737491608,2509.1484375,./../../../data/raw/Data_npy/,-1,42,4,True,4,./results/,many_pipelines_MVT_search_preproc,./data/processed/,/iterations/,many_pipelines_MVT_search_preproc_iter,./logs/,True,True,True
-8,-1.2,0.5,-0.75,30,5,"Pipeline(steps=[('wavelet', EEGWaveletFeatures()),
                ('clf', RandomForestClassifier())])",0.5011063789721402,0.5015367419510854,0.4968886064197904,0.4991166088656229,495.14884877204895,1272.6018326282501,2869.63671875,./../../../data/raw/Data_npy/,-1,42,4,True,4,./results/,many_pipelines_MVT_search_preproc,./data/processed/,/iterations/,many_pipelines_MVT_search_preproc_iter,./logs/,True,True,True
-8,-1.2,0.5,-0.75,35,5,"Pipeline(steps=[('wavelet', EEGWaveletFeatures()),
                ('clf', RandomForestClassifier())])",0.5027325871498258,0.501364279714934,0.49762422245769916,0.4989274070455859,500.7214262485504,1281.865968465805,2909.5390625,./../../../data/raw/Data_npy/,-1,42,4,True,4,./results/,many_pipelines_MVT_search_preproc,./data/processed/,/iterations/,many_pipelines_MVT_search_preproc_iter,./logs/,True,True,True
-8,-1.2,0.5,-0.75,40,1,"Pipeline(steps=[('wavelet', EEGWaveletFeatures()),
                ('clf', RandomForestClassifier())])",0.5013208239928957,0.500628050039711,0.500774902219558,0.49644930780211216,501.76076769828796,1269.820190668106,891.1640625,./../../../data/raw/Data_npy/,-1,42,4,True,4,./results/,many_pipelines_MVT_search_preproc,./data/processed/,/iterations/,many_pipelines_MVT_search_preproc_iter,./logs/,True,True,True
-8,-1.2,0.5,-0.75,40,30,"Pipeline(steps=[('wavelet', EEGWaveletFeatures()),
                ('clf', RandomForestClassifier())])",0.4936689425433944,0.5006879882807271,0.4984943086751138,0.5014024862232702,511.82770347595215,1377.968407869339,2853.828125,./../../../data/raw/Data_npy/,-1,42,4,True,4,./results/,many_pipelines_MVT_search_preproc,./data/processed/,/iterations/,many_pipelines_MVT_search_preproc_iter,./logs/,True,True,True
-8,-1.2,0.5,-0.75,50,20,"Pipeline(steps=[('wavelet', EEGWaveletFeatures()),
                ('clf', RandomForestClassifier())])",0.4997236269482083,0.5005258366255849,0.5007315779605209,0.49898170649150025,528.6777572631836,1341.1928329467773,2574.890625,./../../../data/raw/Data_npy/,-1,42,4,True,4,./results/,many_pipelines_MVT_search_preproc,./data/processed/,/iterations/,many_pipelines_MVT_search_preproc_iter,./logs/,True,True,True
-8,-1.2,0.5,-0.75,60,15,"Pipeline(steps=[('wavelet', EEGWaveletFeatures()),
                ('clf', RandomForestClassifier())])",0.49643888657345947,0.4985310847906796,0.5001081283323094,0.4967742039402819,522.8378260135651,1379.1286573410034,2509.14453125,./../../../data/raw/Data_npy/,-1,42,4,True,4,./results/,many_pipelines_MVT_search_preproc,./data/processed/,/iterations/,many_pipelines_MVT_search_preproc_iter,./logs/,True,True,True
-8,-1.2,0.5,-0.5,20,12,"Pipeline(steps=[('wavelet', EEGWaveletFeatures()),
                ('clf', RandomForestClassifier())])",0.5006472338604723,0.5061622751336347,0.5042552546207584,0.49911877670711213,492.8050832748413,1309.2382538318634,2869.62890625,./../../../data/raw/Data_npy/,-1,42,4,True,4,./results/,many_pipelines_MVT_search_preproc,./data/processed/,/iterations/,many_pipelines_MVT_search_preproc_iter,./logs/,True,True,True
-8,-1.2,0.5,-0.5,25,15,"Pipeline(steps=[('wavelet', EEGWaveletFeatures()),
                ('clf', RandomForestClassifier())])",0.5007362488213015,0.5047558671150814,0.4987646910312336,0.5031128606409079,499.9487245082855,1315.923861026764,2909.54296875,./../../../data/raw/Data_npy/,-1,42,4,True,4,./results/,many_pipelines_MVT_search_preproc,./data/processed/,/iterations/,many_pipelines_MVT_search_preproc_iter,./logs/,True,True,True
-8,-1.2,0.5,-0.5,30,15,"Pipeline(steps=[('wavelet', EEGWaveletFeatures()),
                ('clf', RandomForestClassifier())])",0.4962407632057241,0.5018500601715924,0.5052310957282059,0.501012926392656,494.3558716773987,1289.2629978656769,897.9921875,./../../../data/raw/Data_npy/,-1,42,4,True,4,./results/,many_pipelines_MVT_search_preproc,./data/processed/,/iterations/,many_pipelines_MVT_search_preproc_iter,./logs/,True,True,True
-8,-1.2,0.5,-0.5,35,15,"Pipeline(steps=[('wavelet', EEGWaveletFeatures()),
                ('clf', RandomForestClassifier())])",0.5002699818701507,0.5022720675314074,0.5025133460198293,0.500497394455793,506.97171783447266,1342.7265000343323,2853.82421875,./../../../data/raw/Data_npy/,-1,42,4,True,4,./results/,many_pipelines_MVT_search_preproc,./data/processed/,/iterations/,many_pipelines_MVT_search_preproc_iter,./logs/,True,True,True
-8,-1.2,0.5,-0.5,40,12,"Pipeline(steps=[('wavelet', EEGWaveletFeatures()),
                ('clf', RandomForestClassifier())])",0.502177286488701,0.5022920406293763,0.5014863508120755,0.5009206528213359,528.2387371063232,1335.9953818321228,2574.90234375,./../../../data/raw/Data_npy/,-1,42,4,True,4,./results/,many_pipelines_MVT_search_preproc,./data/processed/,/iterations/,many_pipelines_MVT_search_preproc_iter,./logs/,True,True,True
-8,-1.2,0.5,-0.5,50,9,"Pipeline(steps=[('wavelet', EEGWaveletFeatures()),
                ('clf', RandomForestClassifier())])",0.49956575934351377,0.5016954391042653,0.49408082193366076,0.5009083469595403,522.4305150508881,1335.9382576942444,2509.13671875,./../../../data/raw/Data_npy/,-1,42,4,True,4,./results/,many_pipelines_MVT_search_preproc,./data/processed/,/iterations/,many_pipelines_MVT_search_preproc_iter,./logs/,True,True,True
-8,-1.2,0.5,-0.5,60,5,"Pipeline(steps=[('wavelet', EEGWaveletFeatures()),
                ('clf', RandomForestClassifier())])",0.5006618260517979,0.5016131843756967,0.49815106058904013,0.5035555612577771,493.2230086326599,1288.318552494049,2869.63671875,./../../../data/raw/Data_npy/,-1,42,4,True,4,./results/,many_pipelines_MVT_search_preproc,./data/processed/,/iterations/,many_pipelines_MVT_search_preproc_iter,./logs/,True,True,True
-8,-1.2,0.5,-0.25,20,1,"Pipeline(steps=[('wavelet', EEGWaveletFeatures()),
                ('clf', RandomForestClassifier())])",0.49782706219093903,0.5007863065535936,0.49714526805758585,0.5057150719403956,503.5451946258545,1256.4976139068604,899.8359375,./../../../data/raw/Data_npy/,-1,42,4,True,4,./results/,many_pipelines_MVT_search_preproc,./data/processed/,/iterations/,many_pipelines_MVT_search_preproc_iter,./logs/,True,True,True
-8,-1.2,0.5,-0.25,25,5,"Pipeline(steps=[('wavelet', EEGWaveletFeatures()),
                ('clf', RandomForestClassifier())])",0.5049178945669769,0.5070782444645929,0.5028211550230328,0.5072615803094076,495.1438455581665,1283.327320098877,2909.5390625,./../../../data/raw/Data_npy/,-1,42,4,True,4,./results/,many_pipelines_MVT_search_preproc,./data/processed/,/iterations/,many_pipelines_MVT_search_preproc_iter,./logs/,True,True,True
-8,-1.2,0.5,-0.25,30,5,"Pipeline(steps=[('wavelet', EEGWaveletFeatures()),
                ('clf', RandomForestClassifier())])",0.5021714582270355,0.503104141161326,0.501316857970521,0.5035353069153585,507.33716773986816,1305.9059736728668,2853.82421875,./../../../data/raw/Data_npy/,-1,42,4,True,4,./results/,many_pipelines_MVT_search_preproc,./data/processed/,/iterations/,many_pipelines_MVT_search_preproc_iter,./logs/,True,True,True
-8,-1.2,0.5,-0.25,35,5,"Pipeline(steps=[('wavelet', EEGWaveletFeatures()),
                ('clf', RandomForestClassifier())])",0.503375214958367,0.5056070838417948,0.5025323454135224,0.5059198279765711,528.3819181919098,1316.9859583377838,2574.89453125,./../../../data/raw/Data_npy/,-1,42,4,True,4,./results/,many_pipelines_MVT_search_preproc,./data/processed/,/iterations/,many_pipelines_MVT_search_preproc_iter,./logs/,True,True,True
-8,-1.2,0.5,-0.25,40,1,"Pipeline(steps=[('wavelet', EEGWaveletFeatures()),
                ('clf', RandomForestClassifier())])",0.5038388740683261,0.5019626076318313,0.4993427512649494,0.5085291221718083,495.98526549339294,1319.7278547286987,2509.140625,./../../../data/raw/Data_npy/,-1,42,4,True,4,./results/,many_pipelines_MVT_search_preproc,./data/processed/,/iterations/,many_pipelines_MVT_search_preproc_iter,./logs/,True,True,True
-8,-1.2,0.5,-0.25,40,30,"Pipeline(steps=[('wavelet', EEGWaveletFeatures()),
                ('clf', RandomForestClassifier())])",0.5018003744806596,0.5055078240179601,0.5022940349069338,0.5033119965332841,524.4801154136658,1345.7856514453888,2869.640625,./../../../data/raw/Data_npy/,-1,42,4,True,4,./results/,many_pipelines_MVT_search_preproc,./data/processed/,/iterations/,many_pipelines_MVT_search_preproc_iter,./logs/,True,True,True
-8,-1.2,0.5,-0.25,50,20,"Pipeline(steps=[('wavelet', EEGWaveletFeatures()),
                ('clf', RandomForestClassifier())])",0.5027602339609276,0.5044098102101731,0.5030167489840109,0.5074860752909447,501.7847719192505,1256.9034221172333,892.94921875,./../../../data/raw/Data_npy/,-1,42,4,True,4,./results/,many_pipelines_MVT_search_preproc,./data/processed/,/iterations/,many_pipelines_MVT_search_preproc_iter,./logs/,True,True,True
-8,-1.2,0.5,-0.25,60,15,"Pipeline(steps=[('wavelet', EEGWaveletFeatures()),
                ('clf', RandomForestClassifier())])",0.4999119420651736,0.5055767226269661,0.5059183976037613,0.5058454026745085,496.04544043540955,1326.6718134880066,2909.53515625,./../../../data/raw/Data_npy/,-1,42,4,True,4,./results/,many_pipelines_MVT_search_preproc,./data/processed/,/iterations/,many_pipelines_MVT_search_preproc_iter,./logs/,True,True,True
-8,-1.0,1.0,-0.75,20,12,"Pipeline(steps=[('wavelet', EEGWaveletFeatures()),
                ('clf', RandomForestClassifier())])",0.4861431445283299,0.5015632597852795,0.5047526226831002,0.4842510404903657,510.3880157470703,1408.6094574928284,2853.828125,./../../../data/raw/Data_npy/,-1,42,4,True,4,./results/,many_pipelines_MVT_search_preproc,./data/processed/,/iterations/,many_pipelines_MVT_search_preproc_iter,./logs/,True,True,True
-8,-1.0,1.0,-0.75,25,15,"Pipeline(steps=[('wavelet', EEGWaveletFeatures()),
                ('clf', RandomForestClassifier())])",0.48416963177957545,0.5068602224550608,0.5033731823521023,0.4954770986445287,530.6431756019592,1438.7226767539978,2574.88671875,./../../../data/raw/Data_npy/,-1,42,4,True,4,./results/,many_pipelines_MVT_search_preproc,./data/processed/,/iterations/,many_pipelines_MVT_search_preproc_iter,./logs/,True,True,True
-8,-1.0,1.0,-0.75,30,15,"Pipeline(steps=[('wavelet', EEGWaveletFeatures()),
                ('clf', RandomForestClassifier())])",0.48764120935395777,0.5055431972642053,0.5050641975478292,0.48495717038071623,494.1127088069916,1434.0771610736847,2509.140625,./../../../data/raw/Data_npy/,-1,42,4,True,4,./results/,many_pipelines_MVT_search_preproc,./data/processed/,/iterations/,many_pipelines_MVT_search_preproc_iter,./logs/,True,True,True
-8,-1.0,1.0,-0.75,35,15,"Pipeline(steps=[('wavelet', EEGWaveletFeatures()),
                ('clf', RandomForestClassifier())])",0.48926323236525243,0.50489809428856,0.5051838588359847,0.4855770872528164,527.7115335464478,1356.9130790233612,1566.984375,./../../../data/raw/Data_npy/,-1,42,4,True,4,./results/,many_pipelines_MVT_search_preproc,./data/processed/,/iterations/,many_pipelines_MVT_search_preproc_iter,./logs/,True,True,True
-8,-1.0,1.0,-0.75,40,12,"Pipeline(steps=[('wavelet', EEGWaveletFeatures()),
                ('clf', RandomForestClassifier())])",0.48643484541904486,0.5070694281070653,0.5055931592135998,0.480158613178031,504.3455603122711,1351.603496313095,2869.62890625,./../../../data/raw/Data_npy/,-1,42,4,True,4,./results/,many_pipelines_MVT_search_preproc,./data/processed/,/iterations/,many_pipelines_MVT_search_preproc_iter,./logs/,True,True,True
-8,-1.0,1.0,-0.75,50,9,"Pipeline(steps=[('wavelet', EEGWaveletFeatures()),
                ('clf', RandomForestClassifier())])",0.4881972315013072,0.5067163848487247,0.5056538834360766,0.4921757574533348,499.2120716571808,1368.8466284275055,2909.5390625,./../../../data/raw/Data_npy/,-1,42,4,True,4,./results/,many_pipelines_MVT_search_preproc,./data/processed/,/iterations/,many_pipelines_MVT_search_preproc_iter,./logs/,True,True,True
-8,-1.0,1.0,-0.75,60,5,"Pipeline(steps=[('wavelet', EEGWaveletFeatures()),
                ('clf', RandomForestClassifier())])",0.4859818978411459,0.5041676597543254,0.5019474718290581,0.48964102963356826,515.2850053310394,1362.4237940311432,2853.82421875,./../../../data/raw/Data_npy/,-1,42,4,True,4,./results/,many_pipelines_MVT_search_preproc,./data/processed/,/iterations/,many_pipelines_MVT_search_preproc_iter,./logs/,True,True,True
-8,-1.0,1.0,-0.5,20,1,"Pipeline(steps=[('wavelet', EEGWaveletFeatures()),
                ('clf', RandomForestClassifier())])",0.5006675440967494,0.5109649362489482,0.5048308993068042,0.5034752467853907,534.3679649829865,1368.6820919513702,2574.88671875,./../../../data/raw/Data_npy/,-1,42,4,True,4,./results/,many_pipelines_MVT_search_preproc,./data/processed/,/iterations/,many_pipelines_MVT_search_preproc_iter,./logs/,True,True,True
-8,-1.0,1.0,-0.5,25,5,"Pipeline(steps=[('wavelet', EEGWaveletFeatures()),
                ('clf', RandomForestClassifier())])",0.5046227926726821,0.5099381627102906,0.5161763354473679,0.5086457902502395,495.7749750614166,1377.5332593917847,2509.1484375,./../../../data/raw/Data_npy/,-1,42,4,True,4,./results/,many_pipelines_MVT_search_preproc,./data/processed/,/iterations/,many_pipelines_MVT_search_preproc_iter,./logs/,True,True,True
-8,-1.0,1.0,-0.5,30,5,"Pipeline(steps=[('wavelet', EEGWaveletFeatures()),
                ('clf', RandomForestClassifier())])",0.5040528959485456,0.5064568802128844,0.5043441350194573,0.500311612903243,529.229954957962,1332.491474866867,1584.4296875,./../../../data/raw/Data_npy/,-1,42,4,True,4,./results/,many_pipelines_MVT_search_preproc,./data/processed/,/iterations/,many_pipelines_MVT_search_preproc_iter,./logs/,True,True,True
-8,-1.0,1.0,-0.5,35,5,"Pipeline(steps=[('wavelet', EEGWaveletFeatures()),
                ('clf', RandomForestClassifier())])",0.4962285585779437,0.5073821937874456,0.5048047768789331,0.49651368921431877,505.07062792778015,1327.3064532279968,2869.6328125,./../../../data/raw/Data_npy/,-1,42,4,True,4,./results/,many_pipelines_MVT_search_preproc,./data/processed/,/iterations/,many_pipelines_MVT_search_preproc_iter,./logs/,True,True,True
-8,-1.0,1.0,-0.5,40,1,"Pipeline(steps=[('wavelet', EEGWaveletFeatures()),
                ('clf', RandomForestClassifier())])",0.4997967108812012,0.5068094001634101,0.5050608783208863,0.5008381510799362,502.6254961490631,1358.623536348343,2909.53125,./../../../data/raw/Data_npy/,-1,42,4,True,4,./results/,many_pipelines_MVT_search_preproc,./data/processed/,/iterations/,many_pipelines_MVT_search_preproc_iter,./logs/,True,True,True
-8,-1.0,1.0,-0.5,40,30,"Pipeline(steps=[('wavelet', EEGWaveletFeatures()),
                ('clf', RandomForestClassifier())])",0.4907654082142934,0.5036495661489513,0.5049816869697956,0.4966231411467142,514.4841525554657,1436.735249042511,2853.8203125,./../../../data/raw/Data_npy/,-1,42,4,True,4,./results/,many_pipelines_MVT_search_preproc,./data/processed/,/iterations/,many_pipelines_MVT_search_preproc_iter,./logs/,True,True,True
-8,-1.0,1.0,-0.5,50,20,"Pipeline(steps=[('wavelet', EEGWaveletFeatures()),
                ('clf', RandomForestClassifier())])",0.48836599187586854,0.5080388249092136,0.5029855942286319,0.48601154703214405,534.6400942802429,1399.7112302780151,2574.89453125,./../../../data/raw/Data_npy/,-1,42,4,True,4,./results/,many_pipelines_MVT_search_preproc,./data/processed/,/iterations/,many_pipelines_MVT_search_preproc_iter,./logs/,True,True,True
-8,-1.0,1.0,-0.5,60,15,"Pipeline(steps=[('wavelet', EEGWaveletFeatures()),
                ('clf', RandomForestClassifier())])",0.49477094684345985,0.5082233871900832,0.504516088320701,0.4942517818568758,497.90444707870483,1407.0493803024292,2509.14453125,./../../../data/raw/Data_npy/,-1,42,4,True,4,./results/,many_pipelines_MVT_search_preproc,./data/processed/,/iterations/,many_pipelines_MVT_search_preproc_iter,./logs/,True,True,True
-8,-1.0,1.0,-0.25,20,12,"Pipeline(steps=[('wavelet', EEGWaveletFeatures()),
                ('clf', RandomForestClassifier())])",0.5005726195371731,0.5037746002035689,0.5026399772562224,0.5052823386321164,506.59315752983093,1374.9912104606628,1585.4296875,./../../../data/raw/Data_npy/,-1,42,4,True,4,./results/,many_pipelines_MVT_search_preproc,./data/processed/,/iterations/,many_pipelines_MVT_search_preproc_iter,./logs/,True,True,True
-8,-1.0,1.0,-0.25,25,15,"Pipeline(steps=[('wavelet', EEGWaveletFeatures()),
                ('clf', RandomForestClassifier())])",0.5064778407540641,0.510142001613118,0.5040119260356866,0.5008067223937716,531.1094861030579,1371.4650423526764,2869.6328125,./../../../data/raw/Data_npy/,-1,42,4,True,4,./results/,many_pipelines_MVT_search_preproc,./data/processed/,/iterations/,many_pipelines_MVT_search_preproc_iter,./logs/,True,True,True
-8,-1.0,1.0,-0.25,30,15,"Pipeline(steps=[('wavelet', EEGWaveletFeatures()),
                ('clf', RandomForestClassifier())])",0.5061574900875017,0.511832526636018,0.508752782189112,0.5038741282958428,497.0197014808655,1408.027470111847,2909.5390625,./../../../data/raw/Data_npy/,-1,42,4,True,4,./results/,many_pipelines_MVT_search_preproc,./data/processed/,/iterations/,many_pipelines_MVT_search_preproc_iter,./logs/,True,True,True
-8,-1.0,1.0,-0.25,35,15,"Pipeline(steps=[('wavelet', EEGWaveletFeatures()),
                ('clf', RandomForestClassifier())])",0.5071464392974526,0.5116818148844051,0.5032855680994781,0.5101924682482845,508.6728994846344,1431.0564382076263,2853.83203125,./../../../data/raw/Data_npy/,-1,42,4,True,4,./results/,many_pipelines_MVT_search_preproc,./data/processed/,/iterations/,many_pipelines_MVT_search_preproc_iter,./logs/,True,True,True
-8,-1.0,1.0,-0.25,40,12,"Pipeline(steps=[('wavelet', EEGWaveletFeatures()),
                ('clf', RandomForestClassifier())])",0.5063926661203496,0.5093731148873353,0.5106805919715478,0.5063734832112738,529.8526978492737,1400.1484308242798,2574.90234375,./../../../data/raw/Data_npy/,-1,42,4,True,4,./results/,many_pipelines_MVT_search_preproc,./data/processed/,/iterations/,many_pipelines_MVT_search_preproc_iter,./logs/,True,True,True
-8,-1.0,1.0,-0.25,50,9,"Pipeline(steps=[('wavelet', EEGWaveletFeatures()),
                ('clf', RandomForestClassifier())])",0.5079911291371173,0.5145949708086085,0.5021338106650324,0.5144080353453012,500.2201144695282,1391.453829050064,2509.1484375,./../../../data/raw/Data_npy/,-1,42,4,True,4,./results/,many_pipelines_MVT_search_preproc,./data/processed/,/iterations/,many_pipelines_MVT_search_preproc_iter,./logs/,True,True,True
-8,-1.0,1.0,-0.25,60,5,"Pipeline(steps=[('wavelet', EEGWaveletFeatures()),
                ('clf', RandomForestClassifier())])",0.5153744082994632,0.5142773553273963,0.5052682880087421,0.5116875798196752,507.36638259887695,1310.81773853302,1584.9296875,./../../../data/raw/Data_npy/,-1,42,4,True,4,./results/,many_pipelines_MVT_search_preproc,./data/processed/,/iterations/,many_pipelines_MVT_search_preproc_iter,./logs/,True,True,True
-8,-1.0,0.5,-0.75,20,1,"Pipeline(steps=[('wavelet', EEGWaveletFeatures()),
                ('clf', RandomForestClassifier())])",0.49642993831310145,0.49902330274737106,0.5005044363047595,0.49545139046600334,529.9696390628815,1279.2577702999115,2869.63671875,./../../../data/raw/Data_npy/,-1,42,4,True,4,./results/,many_pipelines_MVT_search_preproc,./data/processed/,/iterations/,many_pipelines_MVT_search_preproc_iter,./logs/,True,True,True
-8,-1.0,0.5,-0.75,25,5,"Pipeline(steps=[('wavelet', EEGWaveletFeatures()),
                ('clf', RandomForestClassifier())])",0.49577187168036485,0.5054918229611495,0.5020039584148952,0.495796152876105,493.6720542907715,1271.5747199058533,2909.5390625,./../../../data/raw/Data_npy/,-1,42,4,True,4,./results/,many_pipelines_MVT_search_preproc,./data/processed/,/iterations/,many_pipelines_MVT_search_preproc_iter,./logs/,True,True,True
-8,-1.0,0.5,-0.75,30,5,"Pipeline(steps=[('wavelet', EEGWaveletFeatures()),
                ('clf', RandomForestClassifier())])",0.5017427653033938,0.5045010279072502,0.5032955110559958,0.4991467832793802,505.80767488479614,1323.5533456802368,2853.83203125,./../../../data/raw/Data_npy/,-1,42,4,True,4,./results/,many_pipelines_MVT_search_preproc,./data/processed/,/iterations/,many_pipelines_MVT_search_preproc_iter,./logs/,True,True,True
-8,-1.0,0.5,-0.75,35,5,"Pipeline(steps=[('wavelet', EEGWaveletFeatures()),
                ('clf', RandomForestClassifier())])",0.502377601831173,0.5039299437530392,0.50061554602035,0.4927893861373538,529.91743516922,1313.4179375171661,2574.8984375,./../../../data/raw/Data_npy/,-1,42,4,True,4,./results/,many_pipelines_MVT_search_preproc,./data/processed/,/iterations/,many_pipelines_MVT_search_preproc_iter,./logs/,True,True,True
-8,-1.0,0.5,-0.75,40,1,"Pipeline(steps=[('wavelet', EEGWaveletFeatures()),
                ('clf', RandomForestClassifier())])",0.49880170040858196,0.5027750649657335,0.4996169051113871,0.4964604802793157,501.10574531555176,1285.2502613067627,2869.640625,./../../../data/raw/Data_npy/,-1,42,4,True,4,./results/,many_pipelines_MVT_search_preproc,./data/processed/,/iterations/,many_pipelines_MVT_search_preproc_iter,./logs/,True,True,True
-8,-1.0,0.5,-0.75,40,30,"Pipeline(steps=[('wavelet', EEGWaveletFeatures()),
                ('clf', RandomForestClassifier())])",0.4929523893017933,0.5012761529527155,0.49860373278141623,0.4964888331696654,506.00505018234253,1311.5347106456757,896.90234375,./../../../data/raw/Data_npy/,-1,42,4,True,4,./results/,many_pipelines_MVT_search_preproc,./data/processed/,/iterations/,many_pipelines_MVT_search_preproc_iter,./logs/,True,True,True
-8,-1.0,0.5,-0.75,50,20,"Pipeline(steps=[('wavelet', EEGWaveletFeatures()),
                ('clf', RandomForestClassifier())])",0.49935401307510874,0.50341647394201,0.49806858915212116,0.49799440647946436,495.2596507072449,1342.328803062439,2509.12890625,./../../../data/raw/Data_npy/,-1,42,4,True,4,./results/,many_pipelines_MVT_search_preproc,./data/processed/,/iterations/,many_pipelines_MVT_search_preproc_iter,./logs/,True,True,True
-8,-1.0,0.5,-0.75,60,15,"Pipeline(steps=[('wavelet', EEGWaveletFeatures()),
                ('clf', RandomForestClassifier())])",0.4969291279946604,0.5033415198649772,0.5037168073776579,0.50022488690433,525.5196604728699,1294.8597884178162,2909.54296875,./../../../data/raw/Data_npy/,-1,42,4,True,4,./results/,many_pipelines_MVT_search_preproc,./data/processed/,/iterations/,many_pipelines_MVT_search_preproc_iter,./logs/,True,True,True
-8,-1.0,0.5,-0.5,20,12,"Pipeline(steps=[('wavelet', EEGWaveletFeatures()),
                ('clf', RandomForestClassifier())])",0.5019569260102476,0.5026685608254847,0.4999966822899909,0.5006259517712545,507.7147102355957,1359.0736200809479,2853.83203125,./../../../data/raw/Data_npy/,-1,42,4,True,4,./results/,many_pipelines_MVT_search_preproc,./data/processed/,/iterations/,many_pipelines_MVT_search_preproc_iter,./logs/,True,True,True
-8,-1.0,0.5,-0.5,25,15,"Pipeline(steps=[('wavelet', EEGWaveletFeatures()),
                ('clf', RandomForestClassifier())])",0.5036418146935195,0.5038338164343807,0.5025168151632892,0.498790107782855,530.869307756424,1349.530648946762,2574.90234375,./../../../data/raw/Data_npy/,-1,42,4,True,4,./results/,many_pipelines_MVT_search_preproc,./data/processed/,/iterations/,many_pipelines_MVT_search_preproc_iter,./logs/,True,True,True
-8,-1.0,0.5,-0.5,30,15,"Pipeline(steps=[('wavelet', EEGWaveletFeatures()),
                ('clf', RandomForestClassifier())])",0.49562796559385813,0.502265063957616,0.49993644478606303,0.49916786256036955,497.6291968822479,1320.0484430789948,2869.640625,./../../../data/raw/Data_npy/,-1,42,4,True,4,./results/,many_pipelines_MVT_search_preproc,./data/processed/,/iterations/,many_pipelines_MVT_search_preproc_iter,./logs/,True,True,True
-8,-1.0,0.5,-0.5,35,15,"Pipeline(steps=[('wavelet', EEGWaveletFeatures()),
                ('clf', RandomForestClassifier())])",0.5022713165250992,0.5033423403986944,0.500693680478346,0.5015061669032423,504.3034818172455,1277.0935895442963,897.40234375,./../../../data/raw/Data_npy/,-1,42,4,True,4,./results/,many_pipelines_MVT_search_preproc,./data/processed/,/iterations/,many_pipelines_MVT_search_preproc_iter,./logs/,True,True,True
-8,-1.0,0.5,-0.5,40,12,"Pipeline(steps=[('wavelet', EEGWaveletFeatures()),
                ('clf', RandomForestClassifier())])",0.5010633607131022,0.5051706873233811,0.5011840518988595,0.500190582480446,495.4377553462982,1340.147655248642,2509.1484375,./../../../data/raw/Data_npy/,-1,42,4,True,4,./results/,many_pipelines_MVT_search_preproc,./data/processed/,/iterations/,many_pipelines_MVT_search_preproc_iter,./logs/,True,True,True
-8,-1.0,0.5,-0.5,50,9,"Pipeline(steps=[('wavelet', EEGWaveletFeatures()),
                ('clf', RandomForestClassifier())])",0.49511818754868736,0.5044424527331693,0.5028414889874193,0.4991613559913588,526.7899997234344,1270.7913517951965,2909.54296875,./../../../data/raw/Data_npy/,-1,42,4,True,4,./results/,many_pipelines_MVT_search_preproc,./data/processed/,/iterations/,many_pipelines_MVT_search_preproc_iter,./logs/,True,True,True
-8,-1.0,0.5,-0.5,60,5,"Pipeline(steps=[('wavelet', EEGWaveletFeatures()),
                ('clf', RandomForestClassifier())])",0.5006789304162217,0.5020318814351856,0.5006058489687903,0.49983545670565144,505.7111780643463,1311.049774646759,2853.83203125,./../../../data/raw/Data_npy/,-1,42,4,True,4,./results/,many_pipelines_MVT_search_preproc,./data/processed/,/iterations/,many_pipelines_MVT_search_preproc_iter,./logs/,True,True,True
-8,-1.0,0.5,-0.25,20,1,"Pipeline(steps=[('wavelet', EEGWaveletFeatures()),
                ('clf', RandomForestClassifier())])",0.5058088501209471,0.5012673172053355,0.4982378725696934,0.5064342935568236,498.582017660141,1287.606522321701,2574.90234375,./../../../data/raw/Data_npy/,-1,42,4,True,4,./results/,many_pipelines_MVT_search_preproc,./data/processed/,/iterations/,many_pipelines_MVT_search_preproc_iter,./logs/,True,True,True
-8,-1.0,0.5,-0.25,25,5,"Pipeline(steps=[('wavelet', EEGWaveletFeatures()),
                ('clf', RandomForestClassifier())])",0.5040487165566038,0.5062311737194061,0.49941931565057646,0.5085694852115085,531.2167103290558,1269.5165810585022,2869.640625,./../../../data/raw/Data_npy/,-1,42,4,True,4,./results/,many_pipelines_MVT_search_preproc,./data/processed/,/iterations/,many_pipelines_MVT_search_preproc_iter,./logs/,True,True,True
-8,-1.0,0.5,-0.25,30,5,"Pipeline(steps=[('wavelet', EEGWaveletFeatures()),
                ('clf', RandomForestClassifier())])",0.5084017597414255,0.5065651460788584,0.5036695210725175,0.5074669187946584,505.3463366031647,1282.9487323760986,882.0625,./../../../data/raw/Data_npy/,-1,42,4,True,4,./results/,many_pipelines_MVT_search_preproc,./data/processed/,/iterations/,many_pipelines_MVT_search_preproc_iter,./logs/,True,True,True
-8,-1.0,0.5,-0.25,35,5,"Pipeline(steps=[('wavelet', EEGWaveletFeatures()),
                ('clf', RandomForestClassifier())])",0.5086506001821629,0.5071570409564535,0.4973845994317948,0.5046343698771385,494.05573558807373,1264.1684560775757,2909.54296875,./../../../data/raw/Data_npy/,-1,42,4,True,4,./results/,many_pipelines_MVT_search_preproc,./data/processed/,/iterations/,many_pipelines_MVT_search_preproc_iter,./logs/,True,True,True
-8,-1.0,0.5,-0.25,40,1,"Pipeline(steps=[('wavelet', EEGWaveletFeatures()),
                ('clf', RandomForestClassifier())])",0.5124007908313095,0.5068389602448422,0.4974145022623807,0.5098169087084176,530.8419218063354,1301.8790609836578,2509.1484375,./../../../data/raw/Data_npy/,-1,42,4,True,4,./results/,many_pipelines_MVT_search_preproc,./data/processed/,/iterations/,many_pipelines_MVT_search_preproc_iter,./logs/,True,True,True
-8,-1.0,0.5,-0.25,40,30,"Pipeline(steps=[('wavelet', EEGWaveletFeatures()),
                ('clf', RandomForestClassifier())])",0.5015188906937558,0.5029992062967064,0.5032951874476402,0.5023275251857188,509.6391806602478,1371.0041885375977,2853.83203125,./../../../data/raw/Data_npy/,-1,42,4,True,4,./results/,many_pipelines_MVT_search_preproc,./data/processed/,/iterations/,many_pipelines_MVT_search_preproc_iter,./logs/,True,True,True
-8,-1.0,0.5,-0.25,50,20,"Pipeline(steps=[('wavelet', EEGWaveletFeatures()),
                ('clf', RandomForestClassifier())])",0.5068225308555735,0.5059515446556476,0.5004820848063877,0.5071016721472388,498.12166380882263,1334.7030763626099,2574.90234375,./../../../data/raw/Data_npy/,-1,42,4,True,4,./results/,many_pipelines_MVT_search_preproc,./data/processed/,/iterations/,many_pipelines_MVT_search_preproc_iter,./logs/,True,True,True
-8,-1.0,0.5,-0.25,60,15,"Pipeline(steps=[('wavelet', EEGWaveletFeatures()),
                ('clf', RandomForestClassifier())])",0.5108529664579586,0.5051508832177107,0.5003684926854008,0.5029563870414332,530.9799761772156,1295.996705532074,2869.640625,./../../../data/raw/Data_npy/,-1,42,4,True,4,./results/,many_pipelines_MVT_search_preproc,./data/processed/,/iterations/,many_pipelines_MVT_search_preproc_iter,./logs/,True,True,True
-8,-0.5,0.5,-0.75,20,12,"Pipeline(steps=[('wavelet', EEGWaveletFeatures()),
                ('clf', RandomForestClassifier())])",0.4975359127096265,0.5021324237142762,0.5097701961483867,0.4963138152507972,505.6707856655121,1310.5705289840698,903.4453125,./../../../data/raw/Data_npy/,-1,42,4,True,4,./results/,many_pipelines_MVT_search_preproc,./data/processed/,/iterations/,many_pipelines_MVT_search_preproc_iter,./logs/,True,True,True
-8,-0.5,0.5,-0.75,25,15,"Pipeline(steps=[('wavelet', EEGWaveletFeatures()),
                ('clf', RandomForestClassifier())])",0.49855839147753755,0.5080959122072819,0.508413537077961,0.5034107936930251,494.15413308143616,1298.2407057285309,2909.54296875,./../../../data/raw/Data_npy/,-1,42,4,True,4,./results/,many_pipelines_MVT_search_preproc,./data/processed/,/iterations/,many_pipelines_MVT_search_preproc_iter,./logs/,True,True,True
-8,-0.5,0.5,-0.75,30,15,"Pipeline(steps=[('wavelet', EEGWaveletFeatures()),
                ('clf', RandomForestClassifier())])",0.49451723414140164,0.5078707865174865,0.5100055143615723,0.49466111708750604,526.2507815361023,1346.1496024131775,2509.1484375,./../../../data/raw/Data_npy/,-1,42,4,True,4,./results/,many_pipelines_MVT_search_preproc,./data/processed/,/iterations/,many_pipelines_MVT_search_preproc_iter,./logs/,True,True,True
-8,-0.5,0.5,-0.75,35,15,"Pipeline(steps=[('wavelet', EEGWaveletFeatures()),
                ('clf', RandomForestClassifier())])",0.49846064064929485,0.506050909321591,0.505041035595774,0.49522859843274264,503.9503571987152,1321.960940361023,2853.83203125,./../../../data/raw/Data_npy/,-1,42,4,True,4,./results/,many_pipelines_MVT_search_preproc,./data/processed/,/iterations/,many_pipelines_MVT_search_preproc_iter,./logs/,True,True,True
-8,-0.5,0.5,-0.75,40,12,"Pipeline(steps=[('wavelet', EEGWaveletFeatures()),
                ('clf', RandomForestClassifier())])",0.49244260873293466,0.5055405109508436,0.5077006817540034,0.4948137550236369,498.1094675064087,1351.4002492427826,2574.90234375,./../../../data/raw/Data_npy/,-1,42,4,True,4,./results/,many_pipelines_MVT_search_preproc,./data/processed/,/iterations/,many_pipelines_MVT_search_preproc_iter,./logs/,True,True,True
-8,-0.5,0.5,-0.75,50,9,"Pipeline(steps=[('wavelet', EEGWaveletFeatures()),
                ('clf', RandomForestClassifier())])",0.4996582921828031,0.5086995566120274,0.5061127128620178,0.5005484099744052,531.5499985218048,1276.1427881717682,2869.640625,./../../../data/raw/Data_npy/,-1,42,4,True,4,./results/,many_pipelines_MVT_search_preproc,./data/processed/,/iterations/,many_pipelines_MVT_search_preproc_iter,./logs/,True,True,True
-8,-0.5,0.5,-0.75,60,5,"Pipeline(steps=[('wavelet', EEGWaveletFeatures()),
                ('clf', RandomForestClassifier())])",0.4974681512248116,0.5092877081948622,0.506490549866135,0.5011357311259605,494.70368933677673,1270.7495410442352,903.9453125,./../../../data/raw/Data_npy/,-1,42,4,True,4,./results/,many_pipelines_MVT_search_preproc,./data/processed/,/iterations/,many_pipelines_MVT_search_preproc_iter,./logs/,True,True,True
-8,-0.5,0.5,-0.5,20,1,"Pipeline(steps=[('wavelet', EEGWaveletFeatures()),
                ('clf', RandomForestClassifier())])",0.30595372855751013,0.5001648976108096,0.5003017485784453,0.3114214318945087,507.117472410202,1258.156040430069,2909.54296875,./../../../data/raw/Data_npy/,-1,42,4,True,4,./results/,many_pipelines_MVT_search_preproc,./data/processed/,/iterations/,many_pipelines_MVT_search_preproc_iter,./logs/,True,True,True
-8,-0.5,0.5,-0.5,25,5,"Pipeline(steps=[('wavelet', EEGWaveletFeatures()),
                ('clf', RandomForestClassifier())])",0.305877201939284,0.5004101858456989,0.5008923426977562,0.3115601269238831,527.7114522457123,1310.6767389774323,2509.1484375,./../../../data/raw/Data_npy/,-1,42,4,True,4,./results/,many_pipelines_MVT_search_preproc,./data/processed/,/iterations/,many_pipelines_MVT_search_preproc_iter,./logs/,True,True,True
-8,-0.5,0.5,-0.5,30,5,"Pipeline(steps=[('wavelet', EEGWaveletFeatures()),
                ('clf', RandomForestClassifier())])",0.3061618129848958,0.500573777439188,0.5004394388392644,0.31185644419597996,504.6219608783722,1257.176155090332,2869.640625,./../../../data/raw/Data_npy/,-1,42,4,True,4,./results/,many_pipelines_MVT_search_preproc,./data/processed/,/iterations/,many_pipelines_MVT_search_preproc_iter,./logs/,True,True,True
-8,-0.5,0.5,-0.5,35,5,"Pipeline(steps=[('wavelet', EEGWaveletFeatures()),
                ('clf', RandomForestClassifier())])",0.3060129716839575,0.500739427907327,0.4999983389807986,0.31154252684725225,496.80795407295227,1289.9150609970093,2853.83203125,./../../../data/raw/Data_npy/,-1,42,4,True,4,./results/,many_pipelines_MVT_search_preproc,./data/processed/,/iterations/,many_pipelines_MVT_search_preproc_iter,./logs/,True,True,True
-8,-0.5,0.5,-0.5,40,1,"Pipeline(steps=[('wavelet', EEGWaveletFeatures()),
                ('clf', RandomForestClassifier())])",0.3056047448470438,0.5004942504141147,0.5010351903490751,0.31138955217939646,496.2298460006714,1282.220079421997,904.91796875,./../../../data/raw/Data_npy/,-1,42,4,True,4,./results/,many_pipelines_MVT_search_preproc,./data/processed/,/iterations/,many_pipelines_MVT_search_preproc_iter,./logs/,True,True,True
-8,-0.5,0.5,-0.5,40,30,"Pipeline(steps=[('wavelet', EEGWaveletFeatures()),
                ('clf', RandomForestClassifier())])",0.30524807027771395,0.5000814058312473,0.5001513404406328,0.31108622032697647,532.392646074295,1393.3460659980774,2574.90234375,./../../../data/raw/Data_npy/,-1,42,4,True,4,./results/,many_pipelines_MVT_search_preproc,./data/processed/,/iterations/,many_pipelines_MVT_search_preproc_iter,./logs/,True,True,True
-8,-0.5,0.5,-0.5,50,20,"Pipeline(steps=[('wavelet', EEGWaveletFeatures()),
                ('clf', RandomForestClassifier())])",0.30524015256390047,0.5005756645527695,0.5005664075476712,0.3126842285194227,506.3531656265259,1310.6747977733612,2909.54296875,./../../../data/raw/Data_npy/,-1,42,4,True,4,./results/,many_pipelines_MVT_search_preproc,./data/processed/,/iterations/,many_pipelines_MVT_search_preproc_iter,./logs/,True,True,True
-8,-0.5,0.5,-0.5,60,15,"Pipeline(steps=[('wavelet', EEGWaveletFeatures()),
                ('clf', RandomForestClassifier())])",0.3052791864109415,0.5000823959145726,0.49900394721087415,0.31222103432311266,527.0932805538177,1358.1424293518066,2509.1484375,./../../../data/raw/Data_npy/,-1,42,4,True,4,./results/,many_pipelines_MVT_search_preproc,./data/processed/,/iterations/,many_pipelines_MVT_search_preproc_iter,./logs/,True,True,True
-8,-0.5,0.5,-0.25,20,12,"Pipeline(steps=[('wavelet', EEGWaveletFeatures()),
                ('clf', RandomForestClassifier())])",0.49555661954798647,0.5056459533512959,0.5025207220028957,0.4991132228834163,505.04256892204285,1293.898542881012,2869.640625,./../../../data/raw/Data_npy/,-1,42,4,True,4,./results/,many_pipelines_MVT_search_preproc,./data/processed/,/iterations/,many_pipelines_MVT_search_preproc_iter,./logs/,True,True,True
-8,-0.5,0.5,-0.25,25,15,"Pipeline(steps=[('wavelet', EEGWaveletFeatures()),
                ('clf', RandomForestClassifier())])",0.49996047437009977,0.49922638918352613,0.5048696003309033,0.5002427115465157,496.56167125701904,1332.4395279884338,2853.83203125,./../../../data/raw/Data_npy/,-1,42,4,True,4,./results/,many_pipelines_MVT_search_preproc,./data/processed/,/iterations/,many_pipelines_MVT_search_preproc_iter,./logs/,True,True,True
-8,-0.5,0.5,-0.25,30,15,"Pipeline(steps=[('wavelet', EEGWaveletFeatures()),
                ('clf', RandomForestClassifier())])",0.5019730428647603,0.5065239960043999,0.5063759228794199,0.5028472333030909,493.2123441696167,1255.6365909576416,875.92578125,./../../../data/raw/Data_npy/,-1,42,4,True,4,./results/,many_pipelines_MVT_search_preproc,./data/processed/,/iterations/,many_pipelines_MVT_search_preproc_iter,./logs/,True,True,True
-8,-0.5,0.5,-0.25,35,15,"Pipeline(steps=[('wavelet', EEGWaveletFeatures()),
                ('clf', RandomForestClassifier())])",0.49775923131445865,0.5063880575706063,0.5084586589200899,0.49616579837492836,503.0478208065033,1304.3529472351074,2909.54296875,./../../../data/raw/Data_npy/,-1,42,4,True,4,./results/,many_pipelines_MVT_search_preproc,./data/processed/,/iterations/,many_pipelines_MVT_search_preproc_iter,./logs/,True,True,True
-8,-0.5,0.5,-0.25,40,12,"Pipeline(steps=[('wavelet', EEGWaveletFeatures()),
                ('clf', RandomForestClassifier())])",0.49640017216604215,0.5063981558138976,0.5086135187079239,0.49887786041282073,529.8443610668182,1355.947774887085,2574.90234375,./../../../data/raw/Data_npy/,-1,42,4,True,4,./results/,many_pipelines_MVT_search_preproc,./data/processed/,/iterations/,many_pipelines_MVT_search_preproc_iter,./logs/,True,True,True
-8,-0.5,0.5,-0.25,50,9,"Pipeline(steps=[('wavelet', EEGWaveletFeatures()),
                ('clf', RandomForestClassifier())])",0.5012825314802885,0.5049831060569322,0.507152472799655,0.5028619413925705,500.5446968078613,1342.7132608890533,2509.1484375,./../../../data/raw/Data_npy/,-1,42,4,True,4,./results/,many_pipelines_MVT_search_preproc,./data/processed/,/iterations/,many_pipelines_MVT_search_preproc_iter,./logs/,True,True,True
-8,-0.5,0.5,-0.25,60,5,"Pipeline(steps=[('wavelet', EEGWaveletFeatures()),
                ('clf', RandomForestClassifier())])",0.4997330088432278,0.5071546616164309,0.5029434930195893,0.499090278390358,524.5295133590698,1247.3594391345978,2869.640625,./../../../data/raw/Data_npy/,-1,42,4,True,4,./results/,many_pipelines_MVT_search_preproc,./data/processed/,/iterations/,many_pipelines_MVT_search_preproc_iter,./logs/,True,True,True
